WARNING: A terminally deprecated method in sun.misc.Unsafe has been called
WARNING: sun.misc.Unsafe::objectFieldOffset has been called by com.google.common.util.concurrent.AbstractFuture$UnsafeAtomicHelper (file:/usr/share/maven/lib/guava.jar)
WARNING: Please consider reporting this to the maintainers of class com.google.common.util.concurrent.AbstractFuture$UnsafeAtomicHelper
WARNING: sun.misc.Unsafe::objectFieldOffset will be removed in a future release
[[1;34mINFO[m] Cache disabled by command line flag, project will be built fully and not cached
[[1;34mINFO[m] Scanning for projects...
[[1;33mWARNING[m] 
[[1;33mWARNING[m] Some problems were encountered while building the effective model for org.apache.syncope.core:syncope-core-spring:jar:5.0.0-SNAPSHOT
[[1;33mWARNING[m] 'dependencies.dependency.version' for org.testng:testng:jar is either LATEST or RELEASE (both of them are being deprecated) @ line 180, column 16
[[1;33mWARNING[m] 
[[1;33mWARNING[m] It is highly recommended to fix these problems because they threaten the stability of your build.
[[1;33mWARNING[m] 
[[1;33mWARNING[m] For this reason, future Maven versions might no longer support building such malformed projects.
[[1;33mWARNING[m] 
[[1;34mINFO[m] [1m------------------------------------------------------------------------[m
[[1;34mINFO[m] [1mReactor Build Order:[m
[[1;34mINFO[m] 
[[1;34mINFO[m] Apache Syncope                                                     [pom]
[[1;34mINFO[m] Apache Syncope Common                                              [pom]
[[1;34mINFO[m] Apache Syncope Common IdRepo                                       [pom]
[[1;34mINFO[m] Apache Syncope Common IdRepo Lib                                   [jar]
[[1;34mINFO[m] Apache Syncope Common Keymaster                                    [pom]
[[1;34mINFO[m] Apache Syncope Common Keymaster Client API                         [jar]
[[1;34mINFO[m] Apache Syncope Common IdRepo REST API                              [jar]
[[1;34mINFO[m] Apache Syncope Common IdM                                          [pom]
[[1;34mINFO[m] Apache Syncope Common IdM Lib                                      [jar]
[[1;34mINFO[m] Apache Syncope Common IdM REST API                                 [jar]
[[1;34mINFO[m] Apache Syncope Common AM                                           [pom]
[[1;34mINFO[m] Apache Syncope Common AM Lib                                       [jar]
[[1;34mINFO[m] Apache Syncope Common AM REST API                                  [jar]
[[1;34mINFO[m] Apache Syncope Core                                                [pom]
[[1;34mINFO[m] Apache Syncope Core Persistence API                                [jar]
[[1;34mINFO[m] Apache Syncope Core Provisioning API                               [jar]
[[1;34mINFO[m] Apache Syncope Core Workflow API                                   [jar]
[[1;34mINFO[m] Apache Syncope Core Spring                                         [jar]
[[1;34mINFO[m] Apache Syncope Core Persistence Common                             [jar]
[[1;34mINFO[m] Apache Syncope Core Persistence JPA                                [jar]
[[1;34mINFO[m] Apache Syncope Core Workflow Java                                  [jar]
[[1;34mINFO[m] Apache Syncope Core Provisioning Java                              [jar]
[[1;34mINFO[m] 
[[1;34mINFO[m] [1m---------------------< [0;36morg.apache.syncope:syncope[0;1m >---------------------[m
[[1;34mINFO[m] [1mBuilding Apache Syncope 5.0.0-SNAPSHOT                            [1/22][m
[[1;34mINFO[m]   from pom.xml
[[1;34mINFO[m] [1m--------------------------------[ pom ]---------------------------------[m
[[1;34mINFO[m] Cache is DISABLED on project level for org.apache.syncope:syncope
[[1;34mINFO[m] 
[[1;34mINFO[m] [1m--- [0;32menforcer:3.6.2:enforce[m [1m(enforce-maven-version)[m @ [36msyncope[0;1m ---[m
[[1;34mINFO[m] Rule 0: org.apache.maven.enforcer.rules.version.RequireMavenVersion passed
[[1;34mINFO[m] 
[[1;34mINFO[m] [1m--- [0;32menforcer:3.6.2:enforce[m [1m(enforce-java-version)[m @ [36msyncope[0;1m ---[m
[[1;34mINFO[m] Rule 0: org.apache.maven.enforcer.rules.version.RequireJavaVersion passed
[[1;34mINFO[m] 
[[1;34mINFO[m] [1m--- [0;32menforcer:3.6.2:enforce[m [1m(default-cli)[m @ [36msyncope[0;1m ---[m
[[1;34mINFO[m] Rule 0: org.apache.maven.enforcer.rules.version.RequireJavaVersion passed
[[1;34mINFO[m] Rule 1: org.apache.maven.enforcer.rules.version.RequireMavenVersion passed
[[1;34mINFO[m] 
[[1;34mINFO[m] [1m--- [0;32mjacoco:0.8.14:prepare-agent[m [1m(prepare-jacoco-agent)[m @ [36msyncope[0;1m ---[m
[[1;34mINFO[m] argLine set to -javaagent:/home/leonardo/.m2/repository/org/jacoco/org.jacoco.agent/0.8.14/org.jacoco.agent-0.8.14-runtime.jar=destfile=/home/leonardo/uni/isw2/SyncopeNoTest/target/jacoco.exec -Xms512m -Xmx1024m -Xss256k
[[1;34mINFO[m] 
[[1;34mINFO[m] [1m--- [0;32mgplus:4.3.1:execute[m [1m(default)[m @ [36msyncope[0;1m ---[m
[[1;34mINFO[m] Using plugin classloader, includes GMavenPlus and project classpath.
[[1;34mINFO[m] Using Groovy 5.0.5 to perform execute.
[[1;34mINFO[m] 
[[1;34mINFO[m] [1m--- [0;32mremote-resources:3.3.0:process[m [1m(process-resource-bundles)[m @ [36msyncope[0;1m ---[m
[[1;34mINFO[m] Skipping remote resources execution.
[[1;34mINFO[m] 
[[1;34mINFO[m] [1m--- [0;32mresources:3.5.0:copy-resources[m [1m(copy-artifact-legal-files)[m @ [36msyncope[0;1m ---[m
[[1;34mINFO[m] Copying 2 resources from . to target/classes/META-INF
[[1;34mINFO[m] 
[[1;34mINFO[m] [1m--- [0;32mresources:3.5.0:copy-resources[m [1m(copy-javadoc-legal-files)[m @ [36msyncope[0;1m ---[m
[[1;34mINFO[m] Copying 2 resources from . to target/reports/apidocs/META-INF
[[1;34mINFO[m] 
[[1;34mINFO[m] [1m--- [0;32mjacoco:0.8.14:report[m [1m(generate-code-coverage-report)[m @ [36msyncope[0;1m ---[m
[[1;34mINFO[m] Skipping JaCoCo execution due to missing execution data file.
[[1;34mINFO[m] 
[[1;34mINFO[m] [1m--- [0;32mmodernizer:3.3.0:modernizer[m [1m(modernizer-check)[m @ [36msyncope[0;1m ---[m
[[1;34mINFO[m] Skipping modernizer execution!
[[1;34mINFO[m] 
[[1;34mINFO[m] [1m--- [0;32mapache-rat:0.16.1:check[m [1m(rat-check)[m @ [36msyncope[0;1m ---[m
[[1;34mINFO[m] RAT will not execute since it is configured to be skipped via system property 'rat.skip'.
[[1;34mINFO[m] 
[[1;34mINFO[m] [1m--- [0;32mtools:1.4:verify-legal-files[m [1m(verify-legal-files)[m @ [36msyncope[0;1m ---[m
[[1;34mINFO[m] 
[[1;34mINFO[m] [1m-----------------< [0;36morg.apache.syncope:syncope-common[0;1m >------------------[m
[[1;34mINFO[m] [1mBuilding Apache Syncope Common 5.0.0-SNAPSHOT                     [2/22][m
[[1;34mINFO[m]   from common/pom.xml
[[1;34mINFO[m] [1m--------------------------------[ pom ]---------------------------------[m
[[1;34mINFO[m] Cache is DISABLED on project level for org.apache.syncope:syncope-common
[[1;34mINFO[m] 
[[1;34mINFO[m] [1m--- [0;32menforcer:3.6.2:enforce[m [1m(enforce-maven-version)[m @ [36msyncope-common[0;1m ---[m
[[1;34mINFO[m] 
[[1;34mINFO[m] [1m--- [0;32menforcer:3.6.2:enforce[m [1m(enforce-java-version)[m @ [36msyncope-common[0;1m ---[m
[[1;34mINFO[m] 
[[1;34mINFO[m] [1m--- [0;32menforcer:3.6.2:enforce[m [1m(default-cli)[m @ [36msyncope-common[0;1m ---[m
[[1;34mINFO[m] 
[[1;34mINFO[m] [1m--- [0;32mjacoco:0.8.14:prepare-agent[m [1m(prepare-jacoco-agent)[m @ [36msyncope-common[0;1m ---[m
[[1;34mINFO[m] argLine set to -javaagent:/home/leonardo/.m2/repository/org/jacoco/org.jacoco.agent/0.8.14/org.jacoco.agent-0.8.14-runtime.jar=destfile=/home/leonardo/uni/isw2/SyncopeNoTest/common/target/jacoco.exec -Xms512m -Xmx1024m -Xss256k
[[1;34mINFO[m] 
[[1;34mINFO[m] [1m--- [0;32mgplus:4.3.1:execute[m [1m(default)[m @ [36msyncope-common[0;1m ---[m
[[1;34mINFO[m] Using plugin classloader, includes GMavenPlus and project classpath.
[[1;34mINFO[m] Using Groovy 5.0.5 to perform execute.
[[1;34mINFO[m] 
[[1;34mINFO[m] [1m--- [0;32mremote-resources:3.3.0:process[m [1m(process-resource-bundles)[m @ [36msyncope-common[0;1m ---[m
[[1;34mINFO[m] Skipping remote resources execution.
[[1;34mINFO[m] 
[[1;34mINFO[m] [1m--- [0;32mresources:3.5.0:copy-resources[m [1m(copy-artifact-legal-files)[m @ [36msyncope-common[0;1m ---[m
[[1;34mINFO[m] Copying 2 resources from .. to target/classes/META-INF
[[1;34mINFO[m] 
[[1;34mINFO[m] [1m--- [0;32mresources:3.5.0:copy-resources[m [1m(copy-javadoc-legal-files)[m @ [36msyncope-common[0;1m ---[m
[[1;34mINFO[m] Copying 2 resources from .. to target/reports/apidocs/META-INF
[[1;34mINFO[m] 
[[1;34mINFO[m] [1m--- [0;32mjacoco:0.8.14:report[m [1m(generate-code-coverage-report)[m @ [36msyncope-common[0;1m ---[m
[[1;34mINFO[m] Skipping JaCoCo execution due to missing execution data file.
[[1;34mINFO[m] 
[[1;34mINFO[m] [1m--- [0;32mmodernizer:3.3.0:modernizer[m [1m(modernizer-check)[m @ [36msyncope-common[0;1m ---[m
[[1;34mINFO[m] Skipping modernizer execution!
[[1;34mINFO[m] 
[[1;34mINFO[m] [1m--- [0;32mapache-rat:0.16.1:check[m [1m(rat-check)[m @ [36msyncope-common[0;1m ---[m
[[1;34mINFO[m] RAT will not execute since it is configured to be skipped via system property 'rat.skip'.
[[1;34mINFO[m] 
[[1;34mINFO[m] [1m--- [0;32mtools:1.4:verify-legal-files[m [1m(verify-legal-files)[m @ [36msyncope-common[0;1m ---[m
[[1;34mINFO[m] 
[[1;34mINFO[m] [1m----------< [0;36morg.apache.syncope.common:syncope-common-idrepo[0;1m >-----------[m
[[1;34mINFO[m] [1mBuilding Apache Syncope Common IdRepo 5.0.0-SNAPSHOT              [3/22][m
[[1;34mINFO[m]   from common/idrepo/pom.xml
[[1;34mINFO[m] [1m--------------------------------[ pom ]---------------------------------[m
[[1;34mINFO[m] Cache is DISABLED on project level for org.apache.syncope.common:syncope-common-idrepo
[[1;34mINFO[m] 
[[1;34mINFO[m] [1m--- [0;32menforcer:3.6.2:enforce[m [1m(enforce-maven-version)[m @ [36msyncope-common-idrepo[0;1m ---[m
[[1;34mINFO[m] 
[[1;34mINFO[m] [1m--- [0;32menforcer:3.6.2:enforce[m [1m(enforce-java-version)[m @ [36msyncope-common-idrepo[0;1m ---[m
[[1;34mINFO[m] 
[[1;34mINFO[m] [1m--- [0;32menforcer:3.6.2:enforce[m [1m(default-cli)[m @ [36msyncope-common-idrepo[0;1m ---[m
[[1;34mINFO[m] 
[[1;34mINFO[m] [1m--- [0;32mjacoco:0.8.14:prepare-agent[m [1m(prepare-jacoco-agent)[m @ [36msyncope-common-idrepo[0;1m ---[m
[[1;34mINFO[m] argLine set to -javaagent:/home/leonardo/.m2/repository/org/jacoco/org.jacoco.agent/0.8.14/org.jacoco.agent-0.8.14-runtime.jar=destfile=/home/leonardo/uni/isw2/SyncopeNoTest/common/idrepo/target/jacoco.exec -Xms512m -Xmx1024m -Xss256k
[[1;34mINFO[m] 
[[1;34mINFO[m] [1m--- [0;32mgplus:4.3.1:execute[m [1m(default)[m @ [36msyncope-common-idrepo[0;1m ---[m
[[1;34mINFO[m] Using plugin classloader, includes GMavenPlus and project classpath.
[[1;34mINFO[m] Using Groovy 5.0.5 to perform execute.
[[1;34mINFO[m] 
[[1;34mINFO[m] [1m--- [0;32mremote-resources:3.3.0:process[m [1m(process-resource-bundles)[m @ [36msyncope-common-idrepo[0;1m ---[m
[[1;34mINFO[m] Skipping remote resources execution.
[[1;34mINFO[m] 
[[1;34mINFO[m] [1m--- [0;32mresources:3.5.0:copy-resources[m [1m(copy-artifact-legal-files)[m @ [36msyncope-common-idrepo[0;1m ---[m
[[1;34mINFO[m] Copying 2 resources from ../.. to target/classes/META-INF
[[1;34mINFO[m] 
[[1;34mINFO[m] [1m--- [0;32mresources:3.5.0:copy-resources[m [1m(copy-javadoc-legal-files)[m @ [36msyncope-common-idrepo[0;1m ---[m
[[1;34mINFO[m] Copying 2 resources from ../.. to target/reports/apidocs/META-INF
[[1;34mINFO[m] 
[[1;34mINFO[m] [1m--- [0;32mjacoco:0.8.14:report[m [1m(generate-code-coverage-report)[m @ [36msyncope-common-idrepo[0;1m ---[m
[[1;34mINFO[m] Skipping JaCoCo execution due to missing execution data file.
[[1;34mINFO[m] 
[[1;34mINFO[m] [1m--- [0;32mmodernizer:3.3.0:modernizer[m [1m(modernizer-check)[m @ [36msyncope-common-idrepo[0;1m ---[m
[[1;34mINFO[m] Skipping modernizer execution!
[[1;34mINFO[m] 
[[1;34mINFO[m] [1m--- [0;32mapache-rat:0.16.1:check[m [1m(rat-check)[m @ [36msyncope-common-idrepo[0;1m ---[m
[[1;34mINFO[m] RAT will not execute since it is configured to be skipped via system property 'rat.skip'.
[[1;34mINFO[m] 
[[1;34mINFO[m] [1m--- [0;32mtools:1.4:verify-legal-files[m [1m(verify-legal-files)[m @ [36msyncope-common-idrepo[0;1m ---[m
[[1;34mINFO[m] 
[[1;34mINFO[m] [1m-----< [0;36morg.apache.syncope.common.idrepo:syncope-common-idrepo-lib[0;1m >-----[m
[[1;34mINFO[m] [1mBuilding Apache Syncope Common IdRepo Lib 5.0.0-SNAPSHOT          [4/22][m
[[1;34mINFO[m]   from common/idrepo/lib/pom.xml
[[1;34mINFO[m] [1m--------------------------------[ jar ]---------------------------------[m
[[1;34mINFO[m] Cache is DISABLED on project level for org.apache.syncope.common.idrepo:syncope-common-idrepo-lib
[[1;34mINFO[m] 
[[1;34mINFO[m] [1m--- [0;32menforcer:3.6.2:enforce[m [1m(enforce-maven-version)[m @ [36msyncope-common-idrepo-lib[0;1m ---[m
[[1;34mINFO[m] 
[[1;34mINFO[m] [1m--- [0;32menforcer:3.6.2:enforce[m [1m(enforce-java-version)[m @ [36msyncope-common-idrepo-lib[0;1m ---[m
[[1;34mINFO[m] 
[[1;34mINFO[m] [1m--- [0;32menforcer:3.6.2:enforce[m [1m(default-cli)[m @ [36msyncope-common-idrepo-lib[0;1m ---[m
[[1;34mINFO[m] 
[[1;34mINFO[m] [1m--- [0;32mjacoco:0.8.14:prepare-agent[m [1m(prepare-jacoco-agent)[m @ [36msyncope-common-idrepo-lib[0;1m ---[m
[[1;34mINFO[m] argLine set to -javaagent:/home/leonardo/.m2/repository/org/jacoco/org.jacoco.agent/0.8.14/org.jacoco.agent-0.8.14-runtime.jar=destfile=/home/leonardo/uni/isw2/SyncopeNoTest/common/idrepo/lib/target/jacoco.exec -Xms512m -Xmx1024m -Xss256k
[[1;34mINFO[m] 
[[1;34mINFO[m] [1m--- [0;32mgplus:4.3.1:execute[m [1m(default)[m @ [36msyncope-common-idrepo-lib[0;1m ---[m
[[1;34mINFO[m] Using plugin classloader, includes GMavenPlus and project classpath.
[[1;34mINFO[m] Using Groovy 5.0.5 to perform execute.
[[1;34mINFO[m] 
[[1;34mINFO[m] [1m--- [0;32mremote-resources:3.3.0:process[m [1m(process-resource-bundles)[m @ [36msyncope-common-idrepo-lib[0;1m ---[m
[[1;34mINFO[m] Skipping remote resources execution.
[[1;34mINFO[m] 
[[1;34mINFO[m] [1m--- [0;32mresources:3.5.0:resources[m [1m(default-resources)[m @ [36msyncope-common-idrepo-lib[0;1m ---[m
[[1;34mINFO[m] skip non existing resourceDirectory /home/leonardo/uni/isw2/SyncopeNoTest/common/idrepo/lib/src/main/resources
[[1;34mINFO[m] 
[[1;34mINFO[m] [1m--- [0;32mresources:3.5.0:copy-resources[m [1m(copy-artifact-legal-files)[m @ [36msyncope-common-idrepo-lib[0;1m ---[m
[[1;34mINFO[m] Copying 2 resources from ../../.. to target/classes/META-INF
[[1;34mINFO[m] 
[[1;34mINFO[m] [1m--- [0;32mresources:3.5.0:copy-resources[m [1m(copy-javadoc-legal-files)[m @ [36msyncope-common-idrepo-lib[0;1m ---[m
[[1;34mINFO[m] Copying 2 resources from ../../.. to target/reports/apidocs/META-INF
[[1;34mINFO[m] 
[[1;34mINFO[m] [1m--- [0;32mcompiler:3.15.0:compile[m [1m(default-compile)[m @ [36msyncope-common-idrepo-lib[0;1m ---[m
[[1;34mINFO[m] Nothing to compile - all classes are up to date.
[[1;34mINFO[m] 
[[1;34mINFO[m] [1m--- [0;32mresources:3.5.0:testResources[m [1m(default-testResources)[m @ [36msyncope-common-idrepo-lib[0;1m ---[m
[[1;34mINFO[m] skip non existing resourceDirectory /home/leonardo/uni/isw2/SyncopeNoTest/common/idrepo/lib/src/test/resources
[[1;34mINFO[m] 
[[1;34mINFO[m] [1m--- [0;32mcompiler:3.15.0:testCompile[m [1m(default-testCompile)[m @ [36msyncope-common-idrepo-lib[0;1m ---[m
[[1;34mINFO[m] No sources to compile
[[1;34mINFO[m] 
[[1;34mINFO[m] [1m--- [0;32msurefire:3.5.5:test[m [1m(default-test)[m @ [36msyncope-common-idrepo-lib[0;1m ---[m
[[1;34mINFO[m] No tests to run.
[[1;34mINFO[m] 
[[1;34mINFO[m] [1m--- [0;32mjacoco:0.8.14:report[m [1m(generate-code-coverage-report)[m @ [36msyncope-common-idrepo-lib[0;1m ---[m
[[1;34mINFO[m] Skipping JaCoCo execution due to missing execution data file.
[[1;34mINFO[m] 
[[1;34mINFO[m] [1m--- [0;32mjar:3.5.0:jar[m [1m(default-jar)[m @ [36msyncope-common-idrepo-lib[0;1m ---[m
[[1;34mINFO[m] Building jar: /home/leonardo/uni/isw2/SyncopeNoTest/common/idrepo/lib/target/syncope-common-idrepo-lib-5.0.0-SNAPSHOT.jar
[[1;34mINFO[m] 
[[1;34mINFO[m] [1m--- [0;32mmodernizer:3.3.0:modernizer[m [1m(modernizer-check)[m @ [36msyncope-common-idrepo-lib[0;1m ---[m
[[1;34mINFO[m] Skipping modernizer execution!
[[1;34mINFO[m] 
[[1;34mINFO[m] [1m--- [0;32mapache-rat:0.16.1:check[m [1m(rat-check)[m @ [36msyncope-common-idrepo-lib[0;1m ---[m
[[1;34mINFO[m] RAT will not execute since it is configured to be skipped via system property 'rat.skip'.
[[1;34mINFO[m] 
[[1;34mINFO[m] [1m--- [0;32mtools:1.4:verify-legal-files[m [1m(verify-legal-files)[m @ [36msyncope-common-idrepo-lib[0;1m ---[m
[[1;34mINFO[m] Checking legal files in: syncope-common-idrepo-lib-5.0.0-SNAPSHOT.jar
[[1;34mINFO[m] 
[[1;34mINFO[m] [1m---------< [0;36morg.apache.syncope.common:syncope-common-keymaster[0;1m >---------[m
[[1;34mINFO[m] [1mBuilding Apache Syncope Common Keymaster 5.0.0-SNAPSHOT           [5/22][m
[[1;34mINFO[m]   from common/keymaster/pom.xml
[[1;34mINFO[m] [1m--------------------------------[ pom ]---------------------------------[m
[[1;34mINFO[m] Cache is DISABLED on project level for org.apache.syncope.common:syncope-common-keymaster
[[1;34mINFO[m] 
[[1;34mINFO[m] [1m--- [0;32menforcer:3.6.2:enforce[m [1m(enforce-maven-version)[m @ [36msyncope-common-keymaster[0;1m ---[m
[[1;34mINFO[m] 
[[1;34mINFO[m] [1m--- [0;32menforcer:3.6.2:enforce[m [1m(enforce-java-version)[m @ [36msyncope-common-keymaster[0;1m ---[m
[[1;34mINFO[m] 
[[1;34mINFO[m] [1m--- [0;32menforcer:3.6.2:enforce[m [1m(default-cli)[m @ [36msyncope-common-keymaster[0;1m ---[m
[[1;34mINFO[m] 
[[1;34mINFO[m] [1m--- [0;32mjacoco:0.8.14:prepare-agent[m [1m(prepare-jacoco-agent)[m @ [36msyncope-common-keymaster[0;1m ---[m
[[1;34mINFO[m] argLine set to -javaagent:/home/leonardo/.m2/repository/org/jacoco/org.jacoco.agent/0.8.14/org.jacoco.agent-0.8.14-runtime.jar=destfile=/home/leonardo/uni/isw2/SyncopeNoTest/common/keymaster/target/jacoco.exec -Xms512m -Xmx1024m -Xss256k
[[1;34mINFO[m] 
[[1;34mINFO[m] [1m--- [0;32mgplus:4.3.1:execute[m [1m(default)[m @ [36msyncope-common-keymaster[0;1m ---[m
[[1;34mINFO[m] Using plugin classloader, includes GMavenPlus and project classpath.
[[1;34mINFO[m] Using Groovy 5.0.5 to perform execute.
[[1;34mINFO[m] 
[[1;34mINFO[m] [1m--- [0;32mremote-resources:3.3.0:process[m [1m(process-resource-bundles)[m @ [36msyncope-common-keymaster[0;1m ---[m
[[1;34mINFO[m] Skipping remote resources execution.
[[1;34mINFO[m] 
[[1;34mINFO[m] [1m--- [0;32mresources:3.5.0:copy-resources[m [1m(copy-artifact-legal-files)[m @ [36msyncope-common-keymaster[0;1m ---[m
[[1;34mINFO[m] Copying 2 resources from ../.. to target/classes/META-INF
[[1;34mINFO[m] 
[[1;34mINFO[m] [1m--- [0;32mresources:3.5.0:copy-resources[m [1m(copy-javadoc-legal-files)[m @ [36msyncope-common-keymaster[0;1m ---[m
[[1;34mINFO[m] Copying 2 resources from ../.. to target/reports/apidocs/META-INF
[[1;34mINFO[m] 
[[1;34mINFO[m] [1m--- [0;32mjacoco:0.8.14:report[m [1m(generate-code-coverage-report)[m @ [36msyncope-common-keymaster[0;1m ---[m
[[1;34mINFO[m] Skipping JaCoCo execution due to missing execution data file.
[[1;34mINFO[m] 
[[1;34mINFO[m] [1m--- [0;32mmodernizer:3.3.0:modernizer[m [1m(modernizer-check)[m @ [36msyncope-common-keymaster[0;1m ---[m
[[1;34mINFO[m] Skipping modernizer execution!
[[1;34mINFO[m] 
[[1;34mINFO[m] [1m--- [0;32mapache-rat:0.16.1:check[m [1m(rat-check)[m @ [36msyncope-common-keymaster[0;1m ---[m
[[1;34mINFO[m] RAT will not execute since it is configured to be skipped via system property 'rat.skip'.
[[1;34mINFO[m] 
[[1;34mINFO[m] [1m--- [0;32mtools:1.4:verify-legal-files[m [1m(verify-legal-files)[m @ [36msyncope-common-keymaster[0;1m ---[m
[[1;34mINFO[m] 
[[1;34mINFO[m] [1m--< [0;36morg.apache.syncope.common.keymaster:syncope-common-keymaster-client-api[0;1m >--[m
[[1;34mINFO[m] [1mBuilding Apache Syncope Common Keymaster Client API 5.0.0-SNAPSHOT [6/22][m
[[1;34mINFO[m]   from common/keymaster/client-api/pom.xml
[[1;34mINFO[m] [1m--------------------------------[ jar ]---------------------------------[m
[[1;34mINFO[m] Cache is DISABLED on project level for org.apache.syncope.common.keymaster:syncope-common-keymaster-client-api
[[1;34mINFO[m] 
[[1;34mINFO[m] [1m--- [0;32menforcer:3.6.2:enforce[m [1m(enforce-maven-version)[m @ [36msyncope-common-keymaster-client-api[0;1m ---[m
[[1;34mINFO[m] 
[[1;34mINFO[m] [1m--- [0;32menforcer:3.6.2:enforce[m [1m(enforce-java-version)[m @ [36msyncope-common-keymaster-client-api[0;1m ---[m
[[1;34mINFO[m] 
[[1;34mINFO[m] [1m--- [0;32menforcer:3.6.2:enforce[m [1m(default-cli)[m @ [36msyncope-common-keymaster-client-api[0;1m ---[m
[[1;34mINFO[m] 
[[1;34mINFO[m] [1m--- [0;32mjacoco:0.8.14:prepare-agent[m [1m(prepare-jacoco-agent)[m @ [36msyncope-common-keymaster-client-api[0;1m ---[m
[[1;34mINFO[m] argLine set to -javaagent:/home/leonardo/.m2/repository/org/jacoco/org.jacoco.agent/0.8.14/org.jacoco.agent-0.8.14-runtime.jar=destfile=/home/leonardo/uni/isw2/SyncopeNoTest/common/keymaster/client-api/target/jacoco.exec -Xms512m -Xmx1024m -Xss256k
[[1;34mINFO[m] 
[[1;34mINFO[m] [1m--- [0;32mgplus:4.3.1:execute[m [1m(default)[m @ [36msyncope-common-keymaster-client-api[0;1m ---[m
[[1;34mINFO[m] Using plugin classloader, includes GMavenPlus and project classpath.
[[1;34mINFO[m] Using Groovy 5.0.5 to perform execute.
[[1;34mINFO[m] 
[[1;34mINFO[m] [1m--- [0;32mremote-resources:3.3.0:process[m [1m(process-resource-bundles)[m @ [36msyncope-common-keymaster-client-api[0;1m ---[m
[[1;34mINFO[m] Skipping remote resources execution.
[[1;34mINFO[m] 
[[1;34mINFO[m] [1m--- [0;32mresources:3.5.0:resources[m [1m(default-resources)[m @ [36msyncope-common-keymaster-client-api[0;1m ---[m
[[1;34mINFO[m] Copying 3 resources from src/main/resources to target/classes
[[1;34mINFO[m] 
[[1;34mINFO[m] [1m--- [0;32mresources:3.5.0:copy-resources[m [1m(copy-artifact-legal-files)[m @ [36msyncope-common-keymaster-client-api[0;1m ---[m
[[1;34mINFO[m] Copying 2 resources from ../../.. to target/classes/META-INF
[[1;34mINFO[m] 
[[1;34mINFO[m] [1m--- [0;32mresources:3.5.0:copy-resources[m [1m(copy-javadoc-legal-files)[m @ [36msyncope-common-keymaster-client-api[0;1m ---[m
[[1;34mINFO[m] Copying 2 resources from ../../.. to target/reports/apidocs/META-INF
[[1;34mINFO[m] 
[[1;34mINFO[m] [1m--- [0;32mcompiler:3.15.0:compile[m [1m(default-compile)[m @ [36msyncope-common-keymaster-client-api[0;1m ---[m
[[1;34mINFO[m] Nothing to compile - all classes are up to date.
[[1;34mINFO[m] 
[[1;34mINFO[m] [1m--- [0;32mresources:3.5.0:testResources[m [1m(default-testResources)[m @ [36msyncope-common-keymaster-client-api[0;1m ---[m
[[1;34mINFO[m] skip non existing resourceDirectory /home/leonardo/uni/isw2/SyncopeNoTest/common/keymaster/client-api/src/test/resources
[[1;34mINFO[m] 
[[1;34mINFO[m] [1m--- [0;32mcompiler:3.15.0:testCompile[m [1m(default-testCompile)[m @ [36msyncope-common-keymaster-client-api[0;1m ---[m
[[1;34mINFO[m] No sources to compile
[[1;34mINFO[m] 
[[1;34mINFO[m] [1m--- [0;32msurefire:3.5.5:test[m [1m(default-test)[m @ [36msyncope-common-keymaster-client-api[0;1m ---[m
[[1;34mINFO[m] No tests to run.
[[1;34mINFO[m] 
[[1;34mINFO[m] [1m--- [0;32mjacoco:0.8.14:report[m [1m(generate-code-coverage-report)[m @ [36msyncope-common-keymaster-client-api[0;1m ---[m
[[1;34mINFO[m] Skipping JaCoCo execution due to missing execution data file.
[[1;34mINFO[m] 
[[1;34mINFO[m] [1m--- [0;32mjar:3.5.0:jar[m [1m(default-jar)[m @ [36msyncope-common-keymaster-client-api[0;1m ---[m
[[1;34mINFO[m] Building jar: /home/leonardo/uni/isw2/SyncopeNoTest/common/keymaster/client-api/target/syncope-common-keymaster-client-api-5.0.0-SNAPSHOT.jar
[[1;34mINFO[m] 
[[1;34mINFO[m] [1m--- [0;32mmodernizer:3.3.0:modernizer[m [1m(modernizer-check)[m @ [36msyncope-common-keymaster-client-api[0;1m ---[m
[[1;34mINFO[m] Skipping modernizer execution!
[[1;34mINFO[m] 
[[1;34mINFO[m] [1m--- [0;32mapache-rat:0.16.1:check[m [1m(rat-check)[m @ [36msyncope-common-keymaster-client-api[0;1m ---[m
[[1;34mINFO[m] RAT will not execute since it is configured to be skipped via system property 'rat.skip'.
[[1;34mINFO[m] 
[[1;34mINFO[m] [1m--- [0;32mtools:1.4:verify-legal-files[m [1m(verify-legal-files)[m @ [36msyncope-common-keymaster-client-api[0;1m ---[m
[[1;34mINFO[m] Checking legal files in: syncope-common-keymaster-client-api-5.0.0-SNAPSHOT.jar
[[1;34mINFO[m] 
[[1;34mINFO[m] [1m--< [0;36morg.apache.syncope.common.idrepo:syncope-common-idrepo-rest-api[0;1m >---[m
[[1;34mINFO[m] [1mBuilding Apache Syncope Common IdRepo REST API 5.0.0-SNAPSHOT     [7/22][m
[[1;34mINFO[m]   from common/idrepo/rest-api/pom.xml
[[1;34mINFO[m] [1m--------------------------------[ jar ]---------------------------------[m
[[1;34mINFO[m] Cache is DISABLED on project level for org.apache.syncope.common.idrepo:syncope-common-idrepo-rest-api
[[1;34mINFO[m] 
[[1;34mINFO[m] [1m--- [0;32menforcer:3.6.2:enforce[m [1m(enforce-maven-version)[m @ [36msyncope-common-idrepo-rest-api[0;1m ---[m
[[1;34mINFO[m] 
[[1;34mINFO[m] [1m--- [0;32menforcer:3.6.2:enforce[m [1m(enforce-java-version)[m @ [36msyncope-common-idrepo-rest-api[0;1m ---[m
[[1;34mINFO[m] 
[[1;34mINFO[m] [1m--- [0;32menforcer:3.6.2:enforce[m [1m(default-cli)[m @ [36msyncope-common-idrepo-rest-api[0;1m ---[m
[[1;34mINFO[m] 
[[1;34mINFO[m] [1m--- [0;32mjacoco:0.8.14:prepare-agent[m [1m(prepare-jacoco-agent)[m @ [36msyncope-common-idrepo-rest-api[0;1m ---[m
[[1;34mINFO[m] argLine set to -javaagent:/home/leonardo/.m2/repository/org/jacoco/org.jacoco.agent/0.8.14/org.jacoco.agent-0.8.14-runtime.jar=destfile=/home/leonardo/uni/isw2/SyncopeNoTest/common/idrepo/rest-api/target/jacoco.exec -Xms512m -Xmx1024m -Xss256k
[[1;34mINFO[m] 
[[1;34mINFO[m] [1m--- [0;32mgplus:4.3.1:execute[m [1m(default)[m @ [36msyncope-common-idrepo-rest-api[0;1m ---[m
[[1;34mINFO[m] Using plugin classloader, includes GMavenPlus and project classpath.
[[1;34mINFO[m] Using Groovy 5.0.5 to perform execute.
[[1;34mINFO[m] 
[[1;34mINFO[m] [1m--- [0;32mremote-resources:3.3.0:process[m [1m(process-resource-bundles)[m @ [36msyncope-common-idrepo-rest-api[0;1m ---[m
[[1;34mINFO[m] Skipping remote resources execution.
[[1;34mINFO[m] 
[[1;34mINFO[m] [1m--- [0;32mresources:3.5.0:resources[m [1m(default-resources)[m @ [36msyncope-common-idrepo-rest-api[0;1m ---[m
[[1;34mINFO[m] skip non existing resourceDirectory /home/leonardo/uni/isw2/SyncopeNoTest/common/idrepo/rest-api/src/main/resources
[[1;34mINFO[m] 
[[1;34mINFO[m] [1m--- [0;32mresources:3.5.0:copy-resources[m [1m(copy-artifact-legal-files)[m @ [36msyncope-common-idrepo-rest-api[0;1m ---[m
[[1;34mINFO[m] Copying 2 resources from ../../.. to target/classes/META-INF
[[1;34mINFO[m] 
[[1;34mINFO[m] [1m--- [0;32mresources:3.5.0:copy-resources[m [1m(copy-javadoc-legal-files)[m @ [36msyncope-common-idrepo-rest-api[0;1m ---[m
[[1;34mINFO[m] Copying 2 resources from ../../.. to target/reports/apidocs/META-INF
[[1;34mINFO[m] 
[[1;34mINFO[m] [1m--- [0;32mcompiler:3.15.0:compile[m [1m(default-compile)[m @ [36msyncope-common-idrepo-rest-api[0;1m ---[m
[[1;34mINFO[m] Nothing to compile - all classes are up to date.
[[1;34mINFO[m] 
[[1;34mINFO[m] [1m--- [0;32mresources:3.5.0:testResources[m [1m(default-testResources)[m @ [36msyncope-common-idrepo-rest-api[0;1m ---[m
[[1;34mINFO[m] skip non existing resourceDirectory /home/leonardo/uni/isw2/SyncopeNoTest/common/idrepo/rest-api/src/test/resources
[[1;34mINFO[m] 
[[1;34mINFO[m] [1m--- [0;32mcompiler:3.15.0:testCompile[m [1m(default-testCompile)[m @ [36msyncope-common-idrepo-rest-api[0;1m ---[m
[[1;34mINFO[m] No sources to compile
[[1;34mINFO[m] 
[[1;34mINFO[m] [1m--- [0;32msurefire:3.5.5:test[m [1m(default-test)[m @ [36msyncope-common-idrepo-rest-api[0;1m ---[m
[[1;34mINFO[m] No tests to run.
[[1;34mINFO[m] 
[[1;34mINFO[m] [1m--- [0;32mjacoco:0.8.14:report[m [1m(generate-code-coverage-report)[m @ [36msyncope-common-idrepo-rest-api[0;1m ---[m
[[1;34mINFO[m] Skipping JaCoCo execution due to missing execution data file.
[[1;34mINFO[m] 
[[1;34mINFO[m] [1m--- [0;32mjar:3.5.0:jar[m [1m(default-jar)[m @ [36msyncope-common-idrepo-rest-api[0;1m ---[m
[[1;34mINFO[m] Building jar: /home/leonardo/uni/isw2/SyncopeNoTest/common/idrepo/rest-api/target/syncope-common-idrepo-rest-api-5.0.0-SNAPSHOT.jar
[[1;34mINFO[m] 
[[1;34mINFO[m] [1m--- [0;32mjavadoc:3.12.0:jar[m [1m(attach-javadocs)[m @ [36msyncope-common-idrepo-rest-api[0;1m ---[m
[[1;33mWARNING[m] Javadoc Warnings
[[1;33mWARNING[m] /home/leonardo/uni/isw2/SyncopeNoTest/common/idrepo/rest-api/src/main/java/org/apache/syncope/common/rest/api/beans/AbstractQuery.java:31: warning: no comment
[[1;33mWARNING[m] public abstract class AbstractQuery implements Serializable {
[[1;33mWARNING[m] ^
[[1;33mWARNING[m] /home/leonardo/uni/isw2/SyncopeNoTest/common/idrepo/rest-api/src/main/java/org/apache/syncope/common/rest/api/beans/AbstractQuery.java:35: warning: no comment
[[1;33mWARNING[m] protected abstract static class Builder<Q extends AbstractQuery, B extends Builder<Q, B>> {
[[1;33mWARNING[m] ^
[[1;33mWARNING[m] /home/leonardo/uni/isw2/SyncopeNoTest/common/idrepo/rest-api/src/main/java/org/apache/syncope/common/rest/api/beans/AbstractQuery.java:31: warning: use of default constructor, which does not provide a comment
[[1;33mWARNING[m] public abstract class AbstractQuery implements Serializable {
[[1;33mWARNING[m] ^
[[1;33mWARNING[m] /home/leonardo/uni/isw2/SyncopeNoTest/common/idrepo/rest-api/src/main/java/org/apache/syncope/common/rest/api/beans/AbstractQuery.java:105: warning: no comment
[[1;33mWARNING[m] public String getOrderBy() {
[[1;33mWARNING[m] ^
[[1;33mWARNING[m] /home/leonardo/uni/isw2/SyncopeNoTest/common/idrepo/rest-api/src/main/java/org/apache/syncope/common/rest/api/beans/AbstractQuery.java:79: warning: no comment
[[1;33mWARNING[m] public Integer getPage() {
[[1;33mWARNING[m] ^
[[1;33mWARNING[m] /home/leonardo/uni/isw2/SyncopeNoTest/common/idrepo/rest-api/src/main/java/org/apache/syncope/common/rest/api/beans/AbstractQuery.java:92: warning: no comment
[[1;33mWARNING[m] public Integer getSize() {
[[1;33mWARNING[m] ^
[[1;33mWARNING[m] /home/leonardo/uni/isw2/SyncopeNoTest/common/idrepo/rest-api/src/main/java/org/apache/syncope/common/rest/api/beans/AbstractQuery.java:110: warning: no comment
[[1;33mWARNING[m] public void setOrderBy(final String orderBy) {
[[1;33mWARNING[m] ^
[[1;33mWARNING[m] /home/leonardo/uni/isw2/SyncopeNoTest/common/idrepo/rest-api/src/main/java/org/apache/syncope/common/rest/api/beans/AbstractQuery.java:86: warning: no comment
[[1;33mWARNING[m] public void setPage(final Integer page) {
[[1;33mWARNING[m] ^
[[1;33mWARNING[m] /home/leonardo/uni/isw2/SyncopeNoTest/common/idrepo/rest-api/src/main/java/org/apache/syncope/common/rest/api/beans/AbstractQuery.java:99: warning: no comment
[[1;33mWARNING[m] public void setSize(final Integer size) {
[[1;33mWARNING[m] ^
[[1;33mWARNING[m] /home/leonardo/uni/isw2/SyncopeNoTest/common/idrepo/rest-api/src/main/java/org/apache/syncope/common/rest/api/beans/AbstractQuery.java:35: warning: use of default constructor, which does not provide a comment
[[1;33mWARNING[m] protected abstract static class Builder<Q extends AbstractQuery, B extends Builder<Q, B>> {
[[1;33mWARNING[m] ^
[[1;33mWARNING[m] /home/leonardo/uni/isw2/SyncopeNoTest/common/idrepo/rest-api/src/main/java/org/apache/syncope/common/rest/api/beans/AbstractQuery.java:66: warning: no comment
[[1;33mWARNING[m] public Q build() {
[[1;33mWARNING[m] ^
[[1;33mWARNING[m] /home/leonardo/uni/isw2/SyncopeNoTest/common/idrepo/rest-api/src/main/java/org/apache/syncope/common/rest/api/beans/AbstractQuery.java:41: warning: no comment
[[1;33mWARNING[m] protected Q getInstance() {
[[1;33mWARNING[m] ^
[[1;33mWARNING[m] /home/leonardo/uni/isw2/SyncopeNoTest/common/idrepo/rest-api/src/main/java/org/apache/syncope/common/rest/api/beans/AbstractQuery.java:39: warning: no comment
[[1;33mWARNING[m] protected abstract Q newInstance();
[[1;33mWARNING[m] ^
[[1;33mWARNING[m] /home/leonardo/uni/isw2/SyncopeNoTest/common/idrepo/rest-api/src/main/java/org/apache/syncope/common/rest/api/beans/AbstractQuery.java:61: warning: no comment
[[1;33mWARNING[m] public B orderBy(final String orderBy) {
[[1;33mWARNING[m] ^
[[1;33mWARNING[m] /home/leonardo/uni/isw2/SyncopeNoTest/common/idrepo/rest-api/src/main/java/org/apache/syncope/common/rest/api/beans/AbstractQuery.java:49: warning: no comment
[[1;33mWARNING[m] public B page(final Integer page) {
[[1;33mWARNING[m] ^
[[1;33mWARNING[m] /home/leonardo/uni/isw2/SyncopeNoTest/common/idrepo/rest-api/src/main/java/org/apache/syncope/common/rest/api/beans/AbstractQuery.java:55: warning: no comment
[[1;33mWARNING[m] public B size(final Integer size) {
[[1;33mWARNING[m] ^
[[1;33mWARNING[m] /home/leonardo/uni/isw2/SyncopeNoTest/common/idrepo/rest-api/src/main/java/org/apache/syncope/common/rest/api/beans/AbstractTimeframeQuery.java:29: warning: no comment
[[1;33mWARNING[m] public abstract class AbstractTimeframeQuery extends AbstractQuery {
[[1;33mWARNING[m] ^
[[1;33mWARNING[m] /home/leonardo/uni/isw2/SyncopeNoTest/common/idrepo/rest-api/src/main/java/org/apache/syncope/common/rest/api/beans/AbstractTimeframeQuery.java:33: warning: no comment
[[1;33mWARNING[m] protected abstract static class Builder<Q extends AbstractTimeframeQuery, B extends Builder<Q, B>>
[[1;33mWARNING[m] ^
[[1;33mWARNING[m] /home/leonardo/uni/isw2/SyncopeNoTest/common/idrepo/rest-api/src/main/java/org/apache/syncope/common/rest/api/beans/AbstractTimeframeQuery.java:29: warning: use of default constructor, which does not provide a comment
[[1;33mWARNING[m] public abstract class AbstractTimeframeQuery extends AbstractQuery {
[[1;33mWARNING[m] ^
[[1;33mWARNING[m] /home/leonardo/uni/isw2/SyncopeNoTest/common/idrepo/rest-api/src/main/java/org/apache/syncope/common/rest/api/beans/AbstractTimeframeQuery.java:71: warning: no comment
[[1;33mWARNING[m] public OffsetDateTime getAfter() {
[[1;33mWARNING[m] ^
[[1;33mWARNING[m] /home/leonardo/uni/isw2/SyncopeNoTest/common/idrepo/rest-api/src/main/java/org/apache/syncope/common/rest/api/beans/AbstractTimeframeQuery.java:60: warning: no comment
[[1;33mWARNING[m] public OffsetDateTime getBefore() {
[[1;33mWARNING[m] ^
[[1;33mWARNING[m] /home/leonardo/uni/isw2/SyncopeNoTest/common/idrepo/rest-api/src/main/java/org/apache/syncope/common/rest/api/beans/AbstractTimeframeQuery.java:76: warning: no comment
[[1;33mWARNING[m] public void setAfter(final OffsetDateTime after) {
[[1;33mWARNING[m] ^
[[1;33mWARNING[m] /home/leonardo/uni/isw2/SyncopeNoTest/common/idrepo/rest-api/src/main/java/org/apache/syncope/common/rest/api/beans/AbstractTimeframeQuery.java:65: warning: no comment
[[1;33mWARNING[m] public void setBefore(final OffsetDateTime before) {
[[1;33mWARNING[m] ^
[[1;33mWARNING[m] /home/leonardo/uni/isw2/SyncopeNoTest/common/idrepo/rest-api/src/main/java/org/apache/syncope/common/rest/api/beans/AbstractTimeframeQuery.java:33: warning: use of default constructor, which does not provide a comment
[[1;33mWARNING[m] protected abstract static class Builder<Q extends AbstractTimeframeQuery, B extends Builder<Q, B>>
[[1;33mWARNING[m] ^
[[1;33mWARNING[m] /home/leonardo/uni/isw2/SyncopeNoTest/common/idrepo/rest-api/src/main/java/org/apache/syncope/common/rest/api/beans/AbstractTimeframeQuery.java:48: warning: no comment
[[1;33mWARNING[m] public B after(final OffsetDateTime after) {
[[1;33mWARNING[m] ^
[[1;33mWARNING[m] /home/leonardo/uni/isw2/SyncopeNoTest/common/idrepo/rest-api/src/main/java/org/apache/syncope/common/rest/api/beans/AbstractTimeframeQuery.java:42: warning: no comment
[[1;33mWARNING[m] public B before(final OffsetDateTime before) {
[[1;33mWARNING[m] ^
[[1;33mWARNING[m] /home/leonardo/uni/isw2/SyncopeNoTest/common/idrepo/rest-api/src/main/java/org/apache/syncope/common/rest/api/beans/AccessTokenQuery.java:21: warning: no comment
[[1;33mWARNING[m] public class AccessTokenQuery extends AbstractQuery {
[[1;33mWARNING[m] ^
[[1;33mWARNING[m] /home/leonardo/uni/isw2/SyncopeNoTest/common/idrepo/rest-api/src/main/java/org/apache/syncope/common/rest/api/beans/AccessTokenQuery.java:25: warning: no comment
[[1;33mWARNING[m] public static class Builder extends AbstractQuery.Builder<AccessTokenQuery, Builder> {
[[1;33mWARNING[m] ^
[[1;33mWARNING[m] /home/leonardo/uni/isw2/SyncopeNoTest/common/idrepo/rest-api/src/main/java/org/apache/syncope/common/rest/api/beans/AccessTokenQuery.java:21: warning: use of default constructor, which does not provide a comment
[[1;33mWARNING[m] public class AccessTokenQuery extends AbstractQuery {
[[1;33mWARNING[m] ^
[[1;33mWARNING[m] /home/leonardo/uni/isw2/SyncopeNoTest/common/idrepo/rest-api/src/main/java/org/apache/syncope/common/rest/api/beans/AccessTokenQuery.java:25: warning: use of default constructor, which does not provide a comment
[[1;33mWARNING[m] public static class Builder extends AbstractQuery.Builder<AccessTokenQuery, Builder> {
[[1;33mWARNING[m] ^
[[1;33mWARNING[m] /home/leonardo/uni/isw2/SyncopeNoTest/common/idrepo/rest-api/src/main/java/org/apache/syncope/common/rest/api/service/JAXRSService.java:57: warning: no comment
[[1;33mWARNING[m] String CRLF = "\r\n";
[[1;33mWARNING[m] ^
[[1;33mWARNING[m] /home/leonardo/uni/isw2/SyncopeNoTest/common/idrepo/rest-api/src/main/java/org/apache/syncope/common/rest/api/service/JAXRSService.java:55: warning: no comment
[[1;33mWARNING[m] String DOUBLE_DASH = "--";
[[1;33mWARNING[m] ^
[[1;33mWARNING[m] /home/leonardo/uni/isw2/SyncopeNoTest/common/idrepo/rest-api/src/main/java/org/apache/syncope/common/rest/api/service/JAXRSService.java:37: warning: no comment
[[1;33mWARNING[m] String PARAM_ANYTYPE_KIND = "anyTypeKind";
[[1;33mWARNING[m] ^
[[1;33mWARNING[m] /home/leonardo/uni/isw2/SyncopeNoTest/common/idrepo/rest-api/src/main/java/org/apache/syncope/common/rest/api/service/JAXRSService.java:53: warning: no comment
[[1;33mWARNING[m] String PARAM_ANYTYPEKEY = "anyTypeKey";
[[1;33mWARNING[m] ^
[[1;33mWARNING[m] /home/leonardo/uni/isw2/SyncopeNoTest/common/idrepo/rest-api/src/main/java/org/apache/syncope/common/rest/api/service/JAXRSService.java:49: warning: no comment
[[1;33mWARNING[m] String PARAM_CONNID_PAGED_RESULTS_COOKIE = "connIdPagedResultsCookie";
[[1;33mWARNING[m] ^
[[1;33mWARNING[m] /home/leonardo/uni/isw2/SyncopeNoTest/common/idrepo/rest-api/src/main/java/org/apache/syncope/common/rest/api/service/JAXRSService.java:47: warning: no comment
[[1;33mWARNING[m] String PARAM_DETAILS = "details";
[[1;33mWARNING[m] ^
[[1;33mWARNING[m] /home/leonardo/uni/isw2/SyncopeNoTest/common/idrepo/rest-api/src/main/java/org/apache/syncope/common/rest/api/service/JAXRSService.java:39: warning: no comment
[[1;33mWARNING[m] String PARAM_ENTITY_KEY = "entityKey";
[[1;33mWARNING[m] ^
[[1;33mWARNING[m] /home/leonardo/uni/isw2/SyncopeNoTest/common/idrepo/rest-api/src/main/java/org/apache/syncope/common/rest/api/service/JAXRSService.java:23: warning: no comment
[[1;33mWARNING[m] String PARAM_FIQL = "fiql";
[[1;33mWARNING[m] ^
[[1;33mWARNING[m] /home/leonardo/uni/isw2/SyncopeNoTest/common/idrepo/rest-api/src/main/java/org/apache/syncope/common/rest/api/service/JAXRSService.java:31: warning: no comment
[[1;33mWARNING[m] String PARAM_KEYWORD = "keyword";
[[1;33mWARNING[m] ^
[[1;33mWARNING[m] /home/leonardo/uni/isw2/SyncopeNoTest/common/idrepo/rest-api/src/main/java/org/apache/syncope/common/rest/api/service/JAXRSService.java:51: warning: no comment
[[1;33mWARNING[m] String PARAM_MAX = "max";
[[1;33mWARNING[m] ^
[[1;33mWARNING[m] /home/leonardo/uni/isw2/SyncopeNoTest/common/idrepo/rest-api/src/main/java/org/apache/syncope/common/rest/api/service/JAXRSService.java:35: warning: no comment
[[1;33mWARNING[m] String PARAM_NOTIFICATION = "notification";
[[1;33mWARNING[m] ^
[[1;33mWARNING[m] /home/leonardo/uni/isw2/SyncopeNoTest/common/idrepo/rest-api/src/main/java/org/apache/syncope/common/rest/api/service/JAXRSService.java:29: warning: no comment
[[1;33mWARNING[m] String PARAM_ORDERBY = "orderby";
[[1;33mWARNING[m] ^
[[1;33mWARNING[m] /home/leonardo/uni/isw2/SyncopeNoTest/common/idrepo/rest-api/src/main/java/org/apache/syncope/common/rest/api/service/JAXRSService.java:25: warning: no comment
[[1;33mWARNING[m] String PARAM_PAGE = "page";
[[1;33mWARNING[m] ^
[[1;33mWARNING[m] /home/leonardo/uni/isw2/SyncopeNoTest/common/idrepo/rest-api/src/main/java/org/apache/syncope/common/rest/api/service/JAXRSService.java:43: warning: no comment
[[1;33mWARNING[m] String PARAM_REALM = "realm";
[[1;33mWARNING[m] ^
[[1;33mWARNING[m] /home/leonardo/uni/isw2/SyncopeNoTest/common/idrepo/rest-api/src/main/java/org/apache/syncope/common/rest/api/service/JAXRSService.java:45: warning: no comment
[[1;33mWARNING[m] String PARAM_RECURSIVE = "recursive";
[[1;33mWARNING[m] ^
[[1;33mWARNING[m] /home/leonardo/uni/isw2/SyncopeNoTest/common/idrepo/rest-api/src/main/java/org/apache/syncope/common/rest/api/service/JAXRSService.java:33: warning: no comment
[[1;33mWARNING[m] String PARAM_RESOURCE = "resource";
[[1;33mWARNING[m] ^
[[1;33mWARNING[m] /home/leonardo/uni/isw2/SyncopeNoTest/common/idrepo/rest-api/src/main/java/org/apache/syncope/common/rest/api/service/JAXRSService.java:27: warning: no comment
[[1;33mWARNING[m] String PARAM_SIZE = "size";
[[1;33mWARNING[m] ^
[[1;33mWARNING[m] /home/leonardo/uni/isw2/SyncopeNoTest/common/idrepo/rest-api/src/main/java/org/apache/syncope/common/rest/api/service/JAXRSService.java:41: warning: no comment
[[1;33mWARNING[m] String PARAM_USER = "user";
[[1;33mWARNING[m] ^
[[1;33mWARNING[m] /home/leonardo/uni/isw2/SyncopeNoTest/common/idrepo/rest-api/src/main/java/org/apache/syncope/common/rest/api/service/AnyObjectService.java:80: warning: no comment
[[1;33mWARNING[m] AnyObjectTO read(@NotNull @PathParam("type") String type, @NotNull @PathParam("name") String name);
[[1;33mWARNING[m] ^
[[1;33mWARNING[m] /home/leonardo/uni/isw2/SyncopeNoTest/common/idrepo/rest-api/src/main/java/org/apache/syncope/common/rest/api/beans/AnyQuery.java:32: warning: no comment
[[1;33mWARNING[m] public class AnyQuery extends AbstractQuery {
[[1;33mWARNING[m] ^
[[1;33mWARNING[m] /home/leonardo/uni/isw2/SyncopeNoTest/common/idrepo/rest-api/src/main/java/org/apache/syncope/common/rest/api/beans/AnyQuery.java:36: warning: no comment
[[1;33mWARNING[m] public static class Builder extends AbstractQuery.Builder<AnyQuery, Builder> {
[[1;33mWARNING[m] ^
[[1;33mWARNING[m] /home/leonardo/uni/isw2/SyncopeNoTest/common/idrepo/rest-api/src/main/java/org/apache/syncope/common/rest/api/beans/AnyQuery.java:32: warning: use of default constructor, which does not provide a comment
[[1;33mWARNING[m] public class AnyQuery extends AbstractQuery {
[[1;33mWARNING[m] ^
[[1;33mWARNING[m] /home/leonardo/uni/isw2/SyncopeNoTest/common/idrepo/rest-api/src/main/java/org/apache/syncope/common/rest/api/beans/AnyQuery.java:104: warning: no comment
[[1;33mWARNING[m] public Boolean getDetails() {
[[1;33mWARNING[m] ^
[[1;33mWARNING[m] /home/leonardo/uni/isw2/SyncopeNoTest/common/idrepo/rest-api/src/main/java/org/apache/syncope/common/rest/api/beans/AnyQuery.java:114: warning: no comment
[[1;33mWARNING[m] public String getFiql() {
[[1;33mWARNING[m] ^
[[1;33mWARNING[m] /home/leonardo/uni/isw2/SyncopeNoTest/common/idrepo/rest-api/src/main/java/org/apache/syncope/common/rest/api/beans/AnyQuery.java:78: warning: no comment
[[1;33mWARNING[m] public String getRealm() {
[[1;33mWARNING[m] ^
[[1;33mWARNING[m] /home/leonardo/uni/isw2/SyncopeNoTest/common/idrepo/rest-api/src/main/java/org/apache/syncope/common/rest/api/beans/AnyQuery.java:91: warning: no comment
[[1;33mWARNING[m] public Boolean getRecursive() {
[[1;33mWARNING[m] ^
[[1;33mWARNING[m] /home/leonardo/uni/isw2/SyncopeNoTest/common/idrepo/rest-api/src/main/java/org/apache/syncope/common/rest/api/beans/AnyQuery.java:110: warning: no comment
[[1;33mWARNING[m] public void setDetails(final Boolean details) {
[[1;33mWARNING[m] ^
[[1;33mWARNING[m] /home/leonardo/uni/isw2/SyncopeNoTest/common/idrepo/rest-api/src/main/java/org/apache/syncope/common/rest/api/beans/AnyQuery.java:125: warning: no comment
[[1;33mWARNING[m] public void setFiql(final String fiql) {
[[1;33mWARNING[m] ^
[[1;33mWARNING[m] /home/leonardo/uni/isw2/SyncopeNoTest/common/idrepo/rest-api/src/main/java/org/apache/syncope/common/rest/api/beans/AnyQuery.java:84: warning: no comment
[[1;33mWARNING[m] public void setRealm(final String realm) {
[[1;33mWARNING[m] ^
[[1;33mWARNING[m] /home/leonardo/uni/isw2/SyncopeNoTest/common/idrepo/rest-api/src/main/java/org/apache/syncope/common/rest/api/beans/AnyQuery.java:97: warning: no comment
[[1;33mWARNING[m] public void setRecursive(final Boolean recursive) {
[[1;33mWARNING[m] ^
[[1;33mWARNING[m] /home/leonardo/uni/isw2/SyncopeNoTest/common/idrepo/rest-api/src/main/java/org/apache/syncope/common/rest/api/beans/AnyQuery.java:36: warning: use of default constructor, which does not provide a comment
[[1;33mWARNING[m] public static class Builder extends AbstractQuery.Builder<AnyQuery, Builder> {
[[1;33mWARNING[m] ^
[[1;33mWARNING[m] /home/leonardo/uni/isw2/SyncopeNoTest/common/idrepo/rest-api/src/main/java/org/apache/syncope/common/rest/api/beans/AnyQuery.java:48: warning: no comment
[[1;33mWARNING[m] public Builder details(final boolean details) {
[[1;33mWARNING[m] ^
[[1;33mWARNING[m] /home/leonardo/uni/isw2/SyncopeNoTest/common/idrepo/rest-api/src/main/java/org/apache/syncope/common/rest/api/beans/AnyQuery.java:58: warning: no comment
[[1;33mWARNING[m] public Builder fiql(final String fiql) {
[[1;33mWARNING[m] ^
[[1;33mWARNING[m] /home/leonardo/uni/isw2/SyncopeNoTest/common/idrepo/rest-api/src/main/java/org/apache/syncope/common/rest/api/beans/AnyQuery.java:53: warning: no comment
[[1;33mWARNING[m] public Builder realm(final String realm) {
[[1;33mWARNING[m] ^
[[1;33mWARNING[m] /home/leonardo/uni/isw2/SyncopeNoTest/common/idrepo/rest-api/src/main/java/org/apache/syncope/common/rest/api/beans/AnyQuery.java:43: warning: no comment
[[1;33mWARNING[m] public Builder recursive(final boolean recursive) {
[[1;33mWARNING[m] ^
[[1;33mWARNING[m] /home/leonardo/uni/isw2/SyncopeNoTest/common/idrepo/rest-api/src/main/java/org/apache/syncope/common/rest/api/service/AnyService.java:55: warning: no comment
[[1;33mWARNING[m] public interface AnyService<TO extends AnyTO> extends JAXRSService {
[[1;33mWARNING[m] ^
[[1;33mWARNING[m] /home/leonardo/uni/isw2/SyncopeNoTest/common/idrepo/rest-api/src/main/java/org/apache/syncope/common/rest/api/beans/AuditQuery.java:27: warning: no comment
[[1;33mWARNING[m] public class AuditQuery extends AbstractTimeframeQuery {
[[1;33mWARNING[m] ^
[[1;33mWARNING[m] /home/leonardo/uni/isw2/SyncopeNoTest/common/idrepo/rest-api/src/main/java/org/apache/syncope/common/rest/api/beans/AuditQuery.java:31: warning: no comment
[[1;33mWARNING[m] public static class Builder extends AbstractTimeframeQuery.Builder<AuditQuery, Builder> {
[[1;33mWARNING[m] ^
[[1;33mWARNING[m] /home/leonardo/uni/isw2/SyncopeNoTest/common/idrepo/rest-api/src/main/java/org/apache/syncope/common/rest/api/beans/AuditQuery.java:27: warning: use of default constructor, which does not provide a comment
[[1;33mWARNING[m] public class AuditQuery extends AbstractTimeframeQuery {
[[1;33mWARNING[m] ^
[[1;33mWARNING[m] /home/leonardo/uni/isw2/SyncopeNoTest/common/idrepo/rest-api/src/main/java/org/apache/syncope/common/rest/api/beans/AuditQuery.java:105: warning: no comment
[[1;33mWARNING[m] public String getCategory() {
[[1;33mWARNING[m] ^
[[1;33mWARNING[m] /home/leonardo/uni/isw2/SyncopeNoTest/common/idrepo/rest-api/src/main/java/org/apache/syncope/common/rest/api/beans/AuditQuery.java:83: warning: no comment
[[1;33mWARNING[m] public String getEntityKey() {
[[1;33mWARNING[m] ^
[[1;33mWARNING[m] /home/leonardo/uni/isw2/SyncopeNoTest/common/idrepo/rest-api/src/main/java/org/apache/syncope/common/rest/api/beans/AuditQuery.java:138: warning: no comment
[[1;33mWARNING[m] public String getOp() {
[[1;33mWARNING[m] ^
[[1;33mWARNING[m] /home/leonardo/uni/isw2/SyncopeNoTest/common/idrepo/rest-api/src/main/java/org/apache/syncope/common/rest/api/beans/AuditQuery.java:127: warning: no comment
[[1;33mWARNING[m] public OpEvent.Outcome getOutcome() {
[[1;33mWARNING[m] ^
[[1;33mWARNING[m] /home/leonardo/uni/isw2/SyncopeNoTest/common/idrepo/rest-api/src/main/java/org/apache/syncope/common/rest/api/beans/AuditQuery.java:116: warning: no comment
[[1;33mWARNING[m] public String getSubcategory() {
[[1;33mWARNING[m] ^
[[1;33mWARNING[m] /home/leonardo/uni/isw2/SyncopeNoTest/common/idrepo/rest-api/src/main/java/org/apache/syncope/common/rest/api/beans/AuditQuery.java:94: warning: no comment
[[1;33mWARNING[m] public OpEvent.CategoryType getType() {
[[1;33mWARNING[m] ^
[[1;33mWARNING[m] /home/leonardo/uni/isw2/SyncopeNoTest/common/idrepo/rest-api/src/main/java/org/apache/syncope/common/rest/api/beans/AuditQuery.java:110: warning: no comment
[[1;33mWARNING[m] public void setCategory(final String category) {
[[1;33mWARNING[m] ^
[[1;33mWARNING[m] /home/leonardo/uni/isw2/SyncopeNoTest/common/idrepo/rest-api/src/main/java/org/apache/syncope/common/rest/api/beans/AuditQuery.java:88: warning: no comment
[[1;33mWARNING[m] public void setEntityKey(final String entityKey) {
[[1;33mWARNING[m] ^
[[1;33mWARNING[m] /home/leonardo/uni/isw2/SyncopeNoTest/common/idrepo/rest-api/src/main/java/org/apache/syncope/common/rest/api/beans/AuditQuery.java:143: warning: no comment
[[1;33mWARNING[m] public void setOp(final String op) {
[[1;33mWARNING[m] ^
[[1;33mWARNING[m] /home/leonardo/uni/isw2/SyncopeNoTest/common/idrepo/rest-api/src/main/java/org/apache/syncope/common/rest/api/beans/AuditQuery.java:132: warning: no comment
[[1;33mWARNING[m] public void setOutcome(final OpEvent.Outcome outcome) {
[[1;33mWARNING[m] ^
[[1;33mWARNING[m] /home/leonardo/uni/isw2/SyncopeNoTest/common/idrepo/rest-api/src/main/java/org/apache/syncope/common/rest/api/beans/AuditQuery.java:121: warning: no comment
[[1;33mWARNING[m] public void setSubcategory(final String subcategory) {
[[1;33mWARNING[m] ^
[[1;33mWARNING[m] /home/leonardo/uni/isw2/SyncopeNoTest/common/idrepo/rest-api/src/main/java/org/apache/syncope/common/rest/api/beans/AuditQuery.java:99: warning: no comment
[[1;33mWARNING[m] public void setType(final OpEvent.CategoryType type) {
[[1;33mWARNING[m] ^
[[1;33mWARNING[m] /home/leonardo/uni/isw2/SyncopeNoTest/common/idrepo/rest-api/src/main/java/org/apache/syncope/common/rest/api/beans/AuditQuery.java:31: warning: use of default constructor, which does not provide a comment
[[1;33mWARNING[m] public static class Builder extends AbstractTimeframeQuery.Builder<AuditQuery, Builder> {
[[1;33mWARNING[m] ^
[[1;33mWARNING[m] /home/leonardo/uni/isw2/SyncopeNoTest/common/idrepo/rest-api/src/main/java/org/apache/syncope/common/rest/api/beans/AuditQuery.java:48: warning: no comment
[[1;33mWARNING[m] public Builder category(final String category) {
[[1;33mWARNING[m] ^
[[1;33mWARNING[m] /home/leonardo/uni/isw2/SyncopeNoTest/common/idrepo/rest-api/src/main/java/org/apache/syncope/common/rest/api/beans/AuditQuery.java:38: warning: no comment
[[1;33mWARNING[m] public Builder entityKey(final String entityKey) {
[[1;33mWARNING[m] ^
[[1;33mWARNING[m] /home/leonardo/uni/isw2/SyncopeNoTest/common/idrepo/rest-api/src/main/java/org/apache/syncope/common/rest/api/beans/AuditQuery.java:58: warning: no comment
[[1;33mWARNING[m] public Builder op(final String op) {
[[1;33mWARNING[m] ^
[[1;33mWARNING[m] /home/leonardo/uni/isw2/SyncopeNoTest/common/idrepo/rest-api/src/main/java/org/apache/syncope/common/rest/api/beans/AuditQuery.java:63: warning: no comment
[[1;33mWARNING[m] public Builder outcome(final OpEvent.Outcome outcome) {
[[1;33mWARNING[m] ^
[[1;33mWARNING[m] /home/leonardo/uni/isw2/SyncopeNoTest/common/idrepo/rest-api/src/main/java/org/apache/syncope/common/rest/api/beans/AuditQuery.java:53: warning: no comment
[[1;33mWARNING[m] public Builder subcategory(final String subcategory) {
[[1;33mWARNING[m] ^
[[1;33mWARNING[m] /home/leonardo/uni/isw2/SyncopeNoTest/common/idrepo/rest-api/src/main/java/org/apache/syncope/common/rest/api/beans/AuditQuery.java:43: warning: no comment
[[1;33mWARNING[m] public Builder type(final OpEvent.CategoryType type) {
[[1;33mWARNING[m] ^
[[1;33mWARNING[m] /home/leonardo/uni/isw2/SyncopeNoTest/common/idrepo/rest-api/src/main/java/org/apache/syncope/common/rest/api/batch/BatchItem.java:28: warning: no comment
[[1;33mWARNING[m] public abstract class BatchItem implements Serializable {
[[1;33mWARNING[m] ^
[[1;33mWARNING[m] /home/leonardo/uni/isw2/SyncopeNoTest/common/idrepo/rest-api/src/main/java/org/apache/syncope/common/rest/api/batch/BatchItem.java:34: warning: no comment
[[1;33mWARNING[m] protected String content;
[[1;33mWARNING[m] ^
[[1;33mWARNING[m] /home/leonardo/uni/isw2/SyncopeNoTest/common/idrepo/rest-api/src/main/java/org/apache/syncope/common/rest/api/batch/BatchItem.java:32: warning: no comment
[[1;33mWARNING[m] protected final Map<String, List<Object>> headers = new TreeMap<>(String.CASE_INSENSITIVE_ORDER);
[[1;33mWARNING[m] ^
[[1;33mWARNING[m] /home/leonardo/uni/isw2/SyncopeNoTest/common/idrepo/rest-api/src/main/java/org/apache/syncope/common/rest/api/batch/BatchItem.java:28: warning: use of default constructor, which does not provide a comment
[[1;33mWARNING[m] public abstract class BatchItem implements Serializable {
[[1;33mWARNING[m] ^
[[1;33mWARNING[m] /home/leonardo/uni/isw2/SyncopeNoTest/common/idrepo/rest-api/src/main/java/org/apache/syncope/common/rest/api/batch/BatchItem.java:45: warning: no comment
[[1;33mWARNING[m] public String getContent() {
[[1;33mWARNING[m] ^
[[1;33mWARNING[m] /home/leonardo/uni/isw2/SyncopeNoTest/common/idrepo/rest-api/src/main/java/org/apache/syncope/common/rest/api/batch/BatchItem.java:36: warning: no comment
[[1;33mWARNING[m] public Map<String, List<Object>> getHeaders() {
[[1;33mWARNING[m] ^
[[1;33mWARNING[m] /home/leonardo/uni/isw2/SyncopeNoTest/common/idrepo/rest-api/src/main/java/org/apache/syncope/common/rest/api/batch/BatchItem.java:49: warning: no comment
[[1;33mWARNING[m] public void setContent(final String content) {
[[1;33mWARNING[m] ^
[[1;33mWARNING[m] /home/leonardo/uni/isw2/SyncopeNoTest/common/idrepo/rest-api/src/main/java/org/apache/syncope/common/rest/api/batch/BatchItem.java:40: warning: no comment
[[1;33mWARNING[m] public void setHeaders(final Map<String, List<Object>> headers) {
[[1;33mWARNING[m] ^
[[1;33mWARNING[m] /home/leonardo/uni/isw2/SyncopeNoTest/common/idrepo/rest-api/src/main/java/org/apache/syncope/common/rest/api/batch/BatchPayloadGenerator.java:26: warning: no comment
[[1;33mWARNING[m] public final class BatchPayloadGenerator {
[[1;33mWARNING[m] ^
[[1;33mWARNING[m] /home/leonardo/uni/isw2/SyncopeNoTest/common/idrepo/rest-api/src/main/java/org/apache/syncope/common/rest/api/batch/BatchPayloadGenerator.java:30: warning: no comment
[[1;33mWARNING[m] public static <T extends BatchItem> String generate(final List<T> items, final String boundary) {
[[1;33mWARNING[m] ^
[[1;33mWARNING[m] /home/leonardo/uni/isw2/SyncopeNoTest/common/idrepo/rest-api/src/main/java/org/apache/syncope/common/rest/api/batch/BatchPayloadLine.java:24: warning: no comment
[[1;33mWARNING[m] public class BatchPayloadLine {
[[1;33mWARNING[m] ^
[[1;33mWARNING[m] /home/leonardo/uni/isw2/SyncopeNoTest/common/idrepo/rest-api/src/main/java/org/apache/syncope/common/rest/api/batch/BatchPayloadLine.java:30: warning: no comment
[[1;33mWARNING[m] public BatchPayloadLine(final String content, final int lineNumber) {
[[1;33mWARNING[m] ^
[[1;33mWARNING[m] 100 warnings
[[1;34mINFO[m] Building jar: /home/leonardo/uni/isw2/SyncopeNoTest/common/idrepo/rest-api/target/syncope-common-idrepo-rest-api-5.0.0-SNAPSHOT-javadoc.jar
[[1;34mINFO[m] 
[[1;34mINFO[m] [1m--- [0;32mmodernizer:3.3.0:modernizer[m [1m(modernizer-check)[m @ [36msyncope-common-idrepo-rest-api[0;1m ---[m
[[1;34mINFO[m] Skipping modernizer execution!
[[1;34mINFO[m] 
[[1;34mINFO[m] [1m--- [0;32mapache-rat:0.16.1:check[m [1m(rat-check)[m @ [36msyncope-common-idrepo-rest-api[0;1m ---[m
[[1;34mINFO[m] RAT will not execute since it is configured to be skipped via system property 'rat.skip'.
[[1;34mINFO[m] 
[[1;34mINFO[m] [1m--- [0;32mtools:1.4:verify-legal-files[m [1m(verify-legal-files)[m @ [36msyncope-common-idrepo-rest-api[0;1m ---[m
[[1;34mINFO[m] Checking legal files in: syncope-common-idrepo-rest-api-5.0.0-SNAPSHOT.jar
[[1;34mINFO[m] Checking legal files in: syncope-common-idrepo-rest-api-5.0.0-SNAPSHOT-javadoc.jar
[[1;34mINFO[m] 
[[1;34mINFO[m] [1m------------< [0;36morg.apache.syncope.common:syncope-common-idm[0;1m >------------[m
[[1;34mINFO[m] [1mBuilding Apache Syncope Common IdM 5.0.0-SNAPSHOT                 [8/22][m
[[1;34mINFO[m]   from common/idm/pom.xml
[[1;34mINFO[m] [1m--------------------------------[ pom ]---------------------------------[m
[[1;34mINFO[m] Cache is DISABLED on project level for org.apache.syncope.common:syncope-common-idm
[[1;34mINFO[m] 
[[1;34mINFO[m] [1m--- [0;32menforcer:3.6.2:enforce[m [1m(enforce-maven-version)[m @ [36msyncope-common-idm[0;1m ---[m
[[1;34mINFO[m] 
[[1;34mINFO[m] [1m--- [0;32menforcer:3.6.2:enforce[m [1m(enforce-java-version)[m @ [36msyncope-common-idm[0;1m ---[m
[[1;34mINFO[m] 
[[1;34mINFO[m] [1m--- [0;32menforcer:3.6.2:enforce[m [1m(default-cli)[m @ [36msyncope-common-idm[0;1m ---[m
[[1;34mINFO[m] 
[[1;34mINFO[m] [1m--- [0;32mjacoco:0.8.14:prepare-agent[m [1m(prepare-jacoco-agent)[m @ [36msyncope-common-idm[0;1m ---[m
[[1;34mINFO[m] argLine set to -javaagent:/home/leonardo/.m2/repository/org/jacoco/org.jacoco.agent/0.8.14/org.jacoco.agent-0.8.14-runtime.jar=destfile=/home/leonardo/uni/isw2/SyncopeNoTest/common/idm/target/jacoco.exec -Xms512m -Xmx1024m -Xss256k
[[1;34mINFO[m] 
[[1;34mINFO[m] [1m--- [0;32mgplus:4.3.1:execute[m [1m(default)[m @ [36msyncope-common-idm[0;1m ---[m
[[1;34mINFO[m] Using plugin classloader, includes GMavenPlus and project classpath.
[[1;34mINFO[m] Using Groovy 5.0.5 to perform execute.
[[1;34mINFO[m] 
[[1;34mINFO[m] [1m--- [0;32mremote-resources:3.3.0:process[m [1m(process-resource-bundles)[m @ [36msyncope-common-idm[0;1m ---[m
[[1;34mINFO[m] Skipping remote resources execution.
[[1;34mINFO[m] 
[[1;34mINFO[m] [1m--- [0;32mresources:3.5.0:copy-resources[m [1m(copy-artifact-legal-files)[m @ [36msyncope-common-idm[0;1m ---[m
[[1;34mINFO[m] Copying 2 resources from ../.. to target/classes/META-INF
[[1;34mINFO[m] 
[[1;34mINFO[m] [1m--- [0;32mresources:3.5.0:copy-resources[m [1m(copy-javadoc-legal-files)[m @ [36msyncope-common-idm[0;1m ---[m
[[1;34mINFO[m] Copying 2 resources from ../.. to target/reports/apidocs/META-INF
[[1;34mINFO[m] 
[[1;34mINFO[m] [1m--- [0;32mjacoco:0.8.14:report[m [1m(generate-code-coverage-report)[m @ [36msyncope-common-idm[0;1m ---[m
[[1;34mINFO[m] Skipping JaCoCo execution due to missing execution data file.
[[1;34mINFO[m] 
[[1;34mINFO[m] [1m--- [0;32mmodernizer:3.3.0:modernizer[m [1m(modernizer-check)[m @ [36msyncope-common-idm[0;1m ---[m
[[1;34mINFO[m] Skipping modernizer execution!
[[1;34mINFO[m] 
[[1;34mINFO[m] [1m--- [0;32mapache-rat:0.16.1:check[m [1m(rat-check)[m @ [36msyncope-common-idm[0;1m ---[m
[[1;34mINFO[m] RAT will not execute since it is configured to be skipped via system property 'rat.skip'.
[[1;34mINFO[m] 
[[1;34mINFO[m] [1m--- [0;32mtools:1.4:verify-legal-files[m [1m(verify-legal-files)[m @ [36msyncope-common-idm[0;1m ---[m
[[1;34mINFO[m] 
[[1;34mINFO[m] [1m--------< [0;36morg.apache.syncope.common.idm:syncope-common-idm-lib[0;1m >--------[m
[[1;34mINFO[m] [1mBuilding Apache Syncope Common IdM Lib 5.0.0-SNAPSHOT             [9/22][m
[[1;34mINFO[m]   from common/idm/lib/pom.xml
[[1;34mINFO[m] [1m--------------------------------[ jar ]---------------------------------[m
[[1;34mINFO[m] Cache is DISABLED on project level for org.apache.syncope.common.idm:syncope-common-idm-lib
[[1;34mINFO[m] 
[[1;34mINFO[m] [1m--- [0;32menforcer:3.6.2:enforce[m [1m(enforce-maven-version)[m @ [36msyncope-common-idm-lib[0;1m ---[m
[[1;34mINFO[m] 
[[1;34mINFO[m] [1m--- [0;32menforcer:3.6.2:enforce[m [1m(enforce-java-version)[m @ [36msyncope-common-idm-lib[0;1m ---[m
[[1;34mINFO[m] 
[[1;34mINFO[m] [1m--- [0;32menforcer:3.6.2:enforce[m [1m(default-cli)[m @ [36msyncope-common-idm-lib[0;1m ---[m
[[1;34mINFO[m] 
[[1;34mINFO[m] [1m--- [0;32mjacoco:0.8.14:prepare-agent[m [1m(prepare-jacoco-agent)[m @ [36msyncope-common-idm-lib[0;1m ---[m
[[1;34mINFO[m] argLine set to -javaagent:/home/leonardo/.m2/repository/org/jacoco/org.jacoco.agent/0.8.14/org.jacoco.agent-0.8.14-runtime.jar=destfile=/home/leonardo/uni/isw2/SyncopeNoTest/common/idm/lib/target/jacoco.exec -Xms512m -Xmx1024m -Xss256k
[[1;34mINFO[m] 
[[1;34mINFO[m] [1m--- [0;32mgplus:4.3.1:execute[m [1m(default)[m @ [36msyncope-common-idm-lib[0;1m ---[m
[[1;34mINFO[m] Using plugin classloader, includes GMavenPlus and project classpath.
[[1;34mINFO[m] Using Groovy 5.0.5 to perform execute.
[[1;34mINFO[m] 
[[1;34mINFO[m] [1m--- [0;32mremote-resources:3.3.0:process[m [1m(process-resource-bundles)[m @ [36msyncope-common-idm-lib[0;1m ---[m
[[1;34mINFO[m] Skipping remote resources execution.
[[1;34mINFO[m] 
[[1;34mINFO[m] [1m--- [0;32mresources:3.5.0:resources[m [1m(default-resources)[m @ [36msyncope-common-idm-lib[0;1m ---[m
[[1;34mINFO[m] skip non existing resourceDirectory /home/leonardo/uni/isw2/SyncopeNoTest/common/idm/lib/src/main/resources
[[1;34mINFO[m] 
[[1;34mINFO[m] [1m--- [0;32mresources:3.5.0:copy-resources[m [1m(copy-artifact-legal-files)[m @ [36msyncope-common-idm-lib[0;1m ---[m
[[1;34mINFO[m] Copying 2 resources from ../../.. to target/classes/META-INF
[[1;34mINFO[m] 
[[1;34mINFO[m] [1m--- [0;32mresources:3.5.0:copy-resources[m [1m(copy-javadoc-legal-files)[m @ [36msyncope-common-idm-lib[0;1m ---[m
[[1;34mINFO[m] Copying 2 resources from ../../.. to target/reports/apidocs/META-INF
[[1;34mINFO[m] 
[[1;34mINFO[m] [1m--- [0;32mcompiler:3.15.0:compile[m [1m(default-compile)[m @ [36msyncope-common-idm-lib[0;1m ---[m
[[1;34mINFO[m] Nothing to compile - all classes are up to date.
[[1;34mINFO[m] 
[[1;34mINFO[m] [1m--- [0;32mresources:3.5.0:testResources[m [1m(default-testResources)[m @ [36msyncope-common-idm-lib[0;1m ---[m
[[1;34mINFO[m] skip non existing resourceDirectory /home/leonardo/uni/isw2/SyncopeNoTest/common/idm/lib/src/test/resources
[[1;34mINFO[m] 
[[1;34mINFO[m] [1m--- [0;32mcompiler:3.15.0:testCompile[m [1m(default-testCompile)[m @ [36msyncope-common-idm-lib[0;1m ---[m
[[1;34mINFO[m] No sources to compile
[[1;34mINFO[m] 
[[1;34mINFO[m] [1m--- [0;32msurefire:3.5.5:test[m [1m(default-test)[m @ [36msyncope-common-idm-lib[0;1m ---[m
[[1;34mINFO[m] No tests to run.
[[1;34mINFO[m] 
[[1;34mINFO[m] [1m--- [0;32mjacoco:0.8.14:report[m [1m(generate-code-coverage-report)[m @ [36msyncope-common-idm-lib[0;1m ---[m
[[1;34mINFO[m] Skipping JaCoCo execution due to missing execution data file.
[[1;34mINFO[m] 
[[1;34mINFO[m] [1m--- [0;32mjar:3.5.0:jar[m [1m(default-jar)[m @ [36msyncope-common-idm-lib[0;1m ---[m
[[1;34mINFO[m] Building jar: /home/leonardo/uni/isw2/SyncopeNoTest/common/idm/lib/target/syncope-common-idm-lib-5.0.0-SNAPSHOT.jar
[[1;34mINFO[m] 
[[1;34mINFO[m] [1m--- [0;32mmodernizer:3.3.0:modernizer[m [1m(modernizer-check)[m @ [36msyncope-common-idm-lib[0;1m ---[m
[[1;34mINFO[m] Skipping modernizer execution!
[[1;34mINFO[m] 
[[1;34mINFO[m] [1m--- [0;32mapache-rat:0.16.1:check[m [1m(rat-check)[m @ [36msyncope-common-idm-lib[0;1m ---[m
[[1;34mINFO[m] RAT will not execute since it is configured to be skipped via system property 'rat.skip'.
[[1;34mINFO[m] 
[[1;34mINFO[m] [1m--- [0;32mtools:1.4:verify-legal-files[m [1m(verify-legal-files)[m @ [36msyncope-common-idm-lib[0;1m ---[m
[[1;34mINFO[m] Checking legal files in: syncope-common-idm-lib-5.0.0-SNAPSHOT.jar
[[1;34mINFO[m] 
[[1;34mINFO[m] [1m-----< [0;36morg.apache.syncope.common.idm:syncope-common-idm-rest-api[0;1m >------[m
[[1;34mINFO[m] [1mBuilding Apache Syncope Common IdM REST API 5.0.0-SNAPSHOT       [10/22][m
[[1;34mINFO[m]   from common/idm/rest-api/pom.xml
[[1;34mINFO[m] [1m--------------------------------[ jar ]---------------------------------[m
[[1;34mINFO[m] Cache is DISABLED on project level for org.apache.syncope.common.idm:syncope-common-idm-rest-api
[[1;34mINFO[m] 
[[1;34mINFO[m] [1m--- [0;32menforcer:3.6.2:enforce[m [1m(enforce-maven-version)[m @ [36msyncope-common-idm-rest-api[0;1m ---[m
[[1;34mINFO[m] 
[[1;34mINFO[m] [1m--- [0;32menforcer:3.6.2:enforce[m [1m(enforce-java-version)[m @ [36msyncope-common-idm-rest-api[0;1m ---[m
[[1;34mINFO[m] 
[[1;34mINFO[m] [1m--- [0;32menforcer:3.6.2:enforce[m [1m(default-cli)[m @ [36msyncope-common-idm-rest-api[0;1m ---[m
[[1;34mINFO[m] 
[[1;34mINFO[m] [1m--- [0;32mjacoco:0.8.14:prepare-agent[m [1m(prepare-jacoco-agent)[m @ [36msyncope-common-idm-rest-api[0;1m ---[m
[[1;34mINFO[m] argLine set to -javaagent:/home/leonardo/.m2/repository/org/jacoco/org.jacoco.agent/0.8.14/org.jacoco.agent-0.8.14-runtime.jar=destfile=/home/leonardo/uni/isw2/SyncopeNoTest/common/idm/rest-api/target/jacoco.exec -Xms512m -Xmx1024m -Xss256k
[[1;34mINFO[m] 
[[1;34mINFO[m] [1m--- [0;32mgplus:4.3.1:execute[m [1m(default)[m @ [36msyncope-common-idm-rest-api[0;1m ---[m
[[1;34mINFO[m] Using plugin classloader, includes GMavenPlus and project classpath.
[[1;34mINFO[m] Using Groovy 5.0.5 to perform execute.
[[1;34mINFO[m] 
[[1;34mINFO[m] [1m--- [0;32mremote-resources:3.3.0:process[m [1m(process-resource-bundles)[m @ [36msyncope-common-idm-rest-api[0;1m ---[m
[[1;34mINFO[m] Skipping remote resources execution.
[[1;34mINFO[m] 
[[1;34mINFO[m] [1m--- [0;32mresources:3.5.0:resources[m [1m(default-resources)[m @ [36msyncope-common-idm-rest-api[0;1m ---[m
[[1;34mINFO[m] skip non existing resourceDirectory /home/leonardo/uni/isw2/SyncopeNoTest/common/idm/rest-api/src/main/resources
[[1;34mINFO[m] 
[[1;34mINFO[m] [1m--- [0;32mresources:3.5.0:copy-resources[m [1m(copy-artifact-legal-files)[m @ [36msyncope-common-idm-rest-api[0;1m ---[m
[[1;34mINFO[m] Copying 2 resources from ../../.. to target/classes/META-INF
[[1;34mINFO[m] 
[[1;34mINFO[m] [1m--- [0;32mresources:3.5.0:copy-resources[m [1m(copy-javadoc-legal-files)[m @ [36msyncope-common-idm-rest-api[0;1m ---[m
[[1;34mINFO[m] Copying 2 resources from ../../.. to target/reports/apidocs/META-INF
[[1;34mINFO[m] 
[[1;34mINFO[m] [1m--- [0;32mcompiler:3.15.0:compile[m [1m(default-compile)[m @ [36msyncope-common-idm-rest-api[0;1m ---[m
[[1;34mINFO[m] Nothing to compile - all classes are up to date.
[[1;34mINFO[m] 
[[1;34mINFO[m] [1m--- [0;32mresources:3.5.0:testResources[m [1m(default-testResources)[m @ [36msyncope-common-idm-rest-api[0;1m ---[m
[[1;34mINFO[m] skip non existing resourceDirectory /home/leonardo/uni/isw2/SyncopeNoTest/common/idm/rest-api/src/test/resources
[[1;34mINFO[m] 
[[1;34mINFO[m] [1m--- [0;32mcompiler:3.15.0:testCompile[m [1m(default-testCompile)[m @ [36msyncope-common-idm-rest-api[0;1m ---[m
[[1;34mINFO[m] No sources to compile
[[1;34mINFO[m] 
[[1;34mINFO[m] [1m--- [0;32msurefire:3.5.5:test[m [1m(default-test)[m @ [36msyncope-common-idm-rest-api[0;1m ---[m
[[1;34mINFO[m] No tests to run.
[[1;34mINFO[m] 
[[1;34mINFO[m] [1m--- [0;32mjacoco:0.8.14:report[m [1m(generate-code-coverage-report)[m @ [36msyncope-common-idm-rest-api[0;1m ---[m
[[1;34mINFO[m] Skipping JaCoCo execution due to missing execution data file.
[[1;34mINFO[m] 
[[1;34mINFO[m] [1m--- [0;32mjar:3.5.0:jar[m [1m(default-jar)[m @ [36msyncope-common-idm-rest-api[0;1m ---[m
[[1;34mINFO[m] Building jar: /home/leonardo/uni/isw2/SyncopeNoTest/common/idm/rest-api/target/syncope-common-idm-rest-api-5.0.0-SNAPSHOT.jar
[[1;34mINFO[m] 
[[1;34mINFO[m] [1m--- [0;32mjavadoc:3.12.0:jar[m [1m(attach-javadocs)[m @ [36msyncope-common-idm-rest-api[0;1m ---[m
[[1;33mWARNING[m] Javadoc Warnings
[[1;33mWARNING[m] /home/leonardo/uni/isw2/SyncopeNoTest/common/idm/rest-api/src/main/java/org/apache/syncope/common/rest/api/beans/AbstractCSVSpec.java:33: warning: no comment
[[1;33mWARNING[m] public abstract class AbstractCSVSpec implements Serializable {
[[1;33mWARNING[m] ^
[[1;33mWARNING[m] /home/leonardo/uni/isw2/SyncopeNoTest/common/idm/rest-api/src/main/java/org/apache/syncope/common/rest/api/beans/AbstractCSVSpec.java:55: warning: no comment
[[1;33mWARNING[m] protected abstract static class Builder<T extends AbstractCSVSpec, B extends Builder<T, B>> {
[[1;33mWARNING[m] ^
[[1;33mWARNING[m] /home/leonardo/uni/isw2/SyncopeNoTest/common/idm/rest-api/src/main/java/org/apache/syncope/common/rest/api/beans/AbstractCSVSpec.java:147: warning: no comment
[[1;33mWARNING[m] protected Boolean allowComments;
[[1;33mWARNING[m] ^
[[1;33mWARNING[m] /home/leonardo/uni/isw2/SyncopeNoTest/common/idm/rest-api/src/main/java/org/apache/syncope/common/rest/api/beans/AbstractCSVSpec.java:133: warning: no comment
[[1;33mWARNING[m] protected String anyTypeKey;
[[1;33mWARNING[m] ^
[[1;33mWARNING[m] /home/leonardo/uni/isw2/SyncopeNoTest/common/idm/rest-api/src/main/java/org/apache/syncope/common/rest/api/beans/AbstractCSVSpec.java:137: warning: no comment
[[1;33mWARNING[m] protected String arrayElementSeparator = ";";
[[1;33mWARNING[m] ^
[[1;33mWARNING[m] /home/leonardo/uni/isw2/SyncopeNoTest/common/idm/rest-api/src/main/java/org/apache/syncope/common/rest/api/beans/AbstractCSVSpec.java:135: warning: no comment
[[1;33mWARNING[m] protected char columnSeparator = ',';
[[1;33mWARNING[m] ^
[[1;33mWARNING[m] /home/leonardo/uni/isw2/SyncopeNoTest/common/idm/rest-api/src/main/java/org/apache/syncope/common/rest/api/beans/AbstractCSVSpec.java:141: warning: no comment
[[1;33mWARNING[m] protected Character escapeChar;
[[1;33mWARNING[m] ^
[[1;33mWARNING[m] /home/leonardo/uni/isw2/SyncopeNoTest/common/idm/rest-api/src/main/java/org/apache/syncope/common/rest/api/beans/AbstractCSVSpec.java:143: warning: no comment
[[1;33mWARNING[m] protected String lineSeparator = "\n";
[[1;33mWARNING[m] ^
[[1;33mWARNING[m] /home/leonardo/uni/isw2/SyncopeNoTest/common/idm/rest-api/src/main/java/org/apache/syncope/common/rest/api/beans/AbstractCSVSpec.java:151: warning: no comment
[[1;33mWARNING[m] protected MatchingRule matchingRule = MatchingRule.UPDATE;
[[1;33mWARNING[m] ^
[[1;33mWARNING[m] /home/leonardo/uni/isw2/SyncopeNoTest/common/idm/rest-api/src/main/java/org/apache/syncope/common/rest/api/beans/AbstractCSVSpec.java:145: warning: no comment
[[1;33mWARNING[m] protected String nullValue = "";
[[1;33mWARNING[m] ^
[[1;33mWARNING[m] /home/leonardo/uni/isw2/SyncopeNoTest/common/idm/rest-api/src/main/java/org/apache/syncope/common/rest/api/beans/AbstractCSVSpec.java:153: warning: no comment
[[1;33mWARNING[m] protected List<String> provisioningActions = new ArrayList<>();
[[1;33mWARNING[m] ^
[[1;33mWARNING[m] /home/leonardo/uni/isw2/SyncopeNoTest/common/idm/rest-api/src/main/java/org/apache/syncope/common/rest/api/beans/AbstractCSVSpec.java:139: warning: no comment
[[1;33mWARNING[m] protected char quoteChar = '"';
[[1;33mWARNING[m] ^
[[1;33mWARNING[m] /home/leonardo/uni/isw2/SyncopeNoTest/common/idm/rest-api/src/main/java/org/apache/syncope/common/rest/api/beans/AbstractCSVSpec.java:149: warning: no comment
[[1;33mWARNING[m] protected UnmatchingRule unmatchingRule = UnmatchingRule.PROVISION;
[[1;33mWARNING[m] ^
[[1;33mWARNING[m] /home/leonardo/uni/isw2/SyncopeNoTest/common/idm/rest-api/src/main/java/org/apache/syncope/common/rest/api/beans/AbstractCSVSpec.java:33: warning: use of default constructor, which does not provide a comment
[[1;33mWARNING[m] public abstract class AbstractCSVSpec implements Serializable {
[[1;33mWARNING[m] ^
[[1;33mWARNING[m] /home/leonardo/uni/isw2/SyncopeNoTest/common/idm/rest-api/src/main/java/org/apache/syncope/common/rest/api/beans/AbstractCSVSpec.java:240: warning: no comment
[[1;33mWARNING[m] public Boolean getAllowComments() {
[[1;33mWARNING[m] ^
[[1;33mWARNING[m] /home/leonardo/uni/isw2/SyncopeNoTest/common/idm/rest-api/src/main/java/org/apache/syncope/common/rest/api/beans/AbstractCSVSpec.java:157: warning: no comment
[[1;33mWARNING[m] public String getAnyTypeKey() {
[[1;33mWARNING[m] ^
[[1;33mWARNING[m] /home/leonardo/uni/isw2/SyncopeNoTest/common/idm/rest-api/src/main/java/org/apache/syncope/common/rest/api/beans/AbstractCSVSpec.java:181: warning: no comment
[[1;33mWARNING[m] public String getArrayElementSeparator() {
[[1;33mWARNING[m] ^
[[1;33mWARNING[m] /home/leonardo/uni/isw2/SyncopeNoTest/common/idm/rest-api/src/main/java/org/apache/syncope/common/rest/api/beans/AbstractCSVSpec.java:169: warning: no comment
[[1;33mWARNING[m] public char getColumnSeparator() {
[[1;33mWARNING[m] ^
[[1;33mWARNING[m] /home/leonardo/uni/isw2/SyncopeNoTest/common/idm/rest-api/src/main/java/org/apache/syncope/common/rest/api/beans/AbstractCSVSpec.java:205: warning: no comment
[[1;33mWARNING[m] public Character getEscapeChar() {
[[1;33mWARNING[m] ^
[[1;33mWARNING[m] /home/leonardo/uni/isw2/SyncopeNoTest/common/idm/rest-api/src/main/java/org/apache/syncope/common/rest/api/beans/AbstractCSVSpec.java:216: warning: no comment
[[1;33mWARNING[m] public String getLineSeparator() {
[[1;33mWARNING[m] ^
[[1;33mWARNING[m] /home/leonardo/uni/isw2/SyncopeNoTest/common/idm/rest-api/src/main/java/org/apache/syncope/common/rest/api/beans/AbstractCSVSpec.java:263: warning: no comment
[[1;33mWARNING[m] public MatchingRule getMatchingRule() {
[[1;33mWARNING[m] ^
[[1;33mWARNING[m] /home/leonardo/uni/isw2/SyncopeNoTest/common/idm/rest-api/src/main/java/org/apache/syncope/common/rest/api/beans/AbstractCSVSpec.java:228: warning: no comment
[[1;33mWARNING[m] public String getNullValue() {
[[1;33mWARNING[m] ^
[[1;33mWARNING[m] /home/leonardo/uni/isw2/SyncopeNoTest/common/idm/rest-api/src/main/java/org/apache/syncope/common/rest/api/beans/AbstractCSVSpec.java:272: warning: no comment
[[1;33mWARNING[m] public List<String> getProvisioningActions() {
[[1;33mWARNING[m] ^
[[1;33mWARNING[m] /home/leonardo/uni/isw2/SyncopeNoTest/common/idm/rest-api/src/main/java/org/apache/syncope/common/rest/api/beans/AbstractCSVSpec.java:193: warning: no comment
[[1;33mWARNING[m] public char getQuoteChar() {
[[1;33mWARNING[m] ^
[[1;33mWARNING[m] /home/leonardo/uni/isw2/SyncopeNoTest/common/idm/rest-api/src/main/java/org/apache/syncope/common/rest/api/beans/AbstractCSVSpec.java:252: warning: no comment
[[1;33mWARNING[m] public UnmatchingRule getUnmatchingRule() {
[[1;33mWARNING[m] ^
[[1;33mWARNING[m] /home/leonardo/uni/isw2/SyncopeNoTest/common/idm/rest-api/src/main/java/org/apache/syncope/common/rest/api/beans/AbstractCSVSpec.java:246: warning: no comment
[[1;33mWARNING[m] public void setAllowComments(final boolean allowComments) {
[[1;33mWARNING[m] ^
[[1;33mWARNING[m] /home/leonardo/uni/isw2/SyncopeNoTest/common/idm/rest-api/src/main/java/org/apache/syncope/common/rest/api/beans/AbstractCSVSpec.java:163: warning: no comment
[[1;33mWARNING[m] public void setAnyTypeKey(final String anyTypeKey) {
[[1;33mWARNING[m] ^
[[1;33mWARNING[m] /home/leonardo/uni/isw2/SyncopeNoTest/common/idm/rest-api/src/main/java/org/apache/syncope/common/rest/api/beans/AbstractCSVSpec.java:186: warning: no comment
[[1;33mWARNING[m] public void setArrayElementSeparator(final String arrayElementSeparator) {
[[1;33mWARNING[m] ^
[[1;33mWARNING[m] /home/leonardo/uni/isw2/SyncopeNoTest/common/idm/rest-api/src/main/java/org/apache/syncope/common/rest/api/beans/AbstractCSVSpec.java:174: warning: no comment
[[1;33mWARNING[m] public void setColumnSeparator(final char columnSeparator) {
[[1;33mWARNING[m] ^
[[1;33mWARNING[m] /home/leonardo/uni/isw2/SyncopeNoTest/common/idm/rest-api/src/main/java/org/apache/syncope/common/rest/api/beans/AbstractCSVSpec.java:210: warning: no comment
[[1;33mWARNING[m] public void setEscapeChar(final Character escapeChar) {
[[1;33mWARNING[m] ^
[[1;33mWARNING[m] /home/leonardo/uni/isw2/SyncopeNoTest/common/idm/rest-api/src/main/java/org/apache/syncope/common/rest/api/beans/AbstractCSVSpec.java:221: warning: no comment
[[1;33mWARNING[m] public void setLineSeparator(final String lineSeparator) {
[[1;33mWARNING[m] ^
[[1;33mWARNING[m] /home/leonardo/uni/isw2/SyncopeNoTest/common/idm/rest-api/src/main/java/org/apache/syncope/common/rest/api/beans/AbstractCSVSpec.java:268: warning: no comment
[[1;33mWARNING[m] public void setMatchingRule(final MatchingRule matchingRule) {
[[1;33mWARNING[m] ^
[[1;33mWARNING[m] /home/leonardo/uni/isw2/SyncopeNoTest/common/idm/rest-api/src/main/java/org/apache/syncope/common/rest/api/beans/AbstractCSVSpec.java:233: warning: no comment
[[1;33mWARNING[m] public void setNullValue(final String nullValue) {
[[1;33mWARNING[m] ^
[[1;33mWARNING[m] /home/leonardo/uni/isw2/SyncopeNoTest/common/idm/rest-api/src/main/java/org/apache/syncope/common/rest/api/beans/AbstractCSVSpec.java:277: warning: no comment
[[1;33mWARNING[m] public void setProvisioningActions(final List<String> provisioningActions) {
[[1;33mWARNING[m] ^
[[1;33mWARNING[m] /home/leonardo/uni/isw2/SyncopeNoTest/common/idm/rest-api/src/main/java/org/apache/syncope/common/rest/api/beans/AbstractCSVSpec.java:198: warning: no comment
[[1;33mWARNING[m] public void setQuoteChar(final char quoteChar) {
[[1;33mWARNING[m] ^
[[1;33mWARNING[m] /home/leonardo/uni/isw2/SyncopeNoTest/common/idm/rest-api/src/main/java/org/apache/syncope/common/rest/api/beans/AbstractCSVSpec.java:257: warning: no comment
[[1;33mWARNING[m] public void setUnmatchingRule(final UnmatchingRule unmatchingRule) {
[[1;33mWARNING[m] ^
[[1;33mWARNING[m] /home/leonardo/uni/isw2/SyncopeNoTest/common/idm/rest-api/src/main/java/org/apache/syncope/common/rest/api/beans/AbstractCSVSpec.java:57: warning: no comment
[[1;33mWARNING[m] protected T instance;
[[1;33mWARNING[m] ^
[[1;33mWARNING[m] /home/leonardo/uni/isw2/SyncopeNoTest/common/idm/rest-api/src/main/java/org/apache/syncope/common/rest/api/beans/AbstractCSVSpec.java:55: warning: use of default constructor, which does not provide a comment
[[1;33mWARNING[m] protected abstract static class Builder<T extends AbstractCSVSpec, B extends Builder<T, B>> {
[[1;33mWARNING[m] ^
[[1;33mWARNING[m] /home/leonardo/uni/isw2/SyncopeNoTest/common/idm/rest-api/src/main/java/org/apache/syncope/common/rest/api/beans/AbstractCSVSpec.java:105: warning: no comment
[[1;33mWARNING[m] public B allowComments(final boolean allowComments) {
[[1;33mWARNING[m] ^
[[1;33mWARNING[m] /home/leonardo/uni/isw2/SyncopeNoTest/common/idm/rest-api/src/main/java/org/apache/syncope/common/rest/api/beans/AbstractCSVSpec.java:75: warning: no comment
[[1;33mWARNING[m] public B arrayElementSeparator(final String arrayElementSeparator) {
[[1;33mWARNING[m] ^
[[1;33mWARNING[m] /home/leonardo/uni/isw2/SyncopeNoTest/common/idm/rest-api/src/main/java/org/apache/syncope/common/rest/api/beans/AbstractCSVSpec.java:128: warning: no comment
[[1;33mWARNING[m] public T build() {
[[1;33mWARNING[m] ^
[[1;33mWARNING[m] /home/leonardo/uni/isw2/SyncopeNoTest/common/idm/rest-api/src/main/java/org/apache/syncope/common/rest/api/beans/AbstractCSVSpec.java:69: warning: no comment
[[1;33mWARNING[m] public B columnSeparator(final char columnSeparator) {
[[1;33mWARNING[m] ^
[[1;33mWARNING[m] /home/leonardo/uni/isw2/SyncopeNoTest/common/idm/rest-api/src/main/java/org/apache/syncope/common/rest/api/beans/AbstractCSVSpec.java:87: warning: no comment
[[1;33mWARNING[m] public B escapeChar(final char escapeChar) {
[[1;33mWARNING[m] ^
[[1;33mWARNING[m] /home/leonardo/uni/isw2/SyncopeNoTest/common/idm/rest-api/src/main/java/org/apache/syncope/common/rest/api/beans/AbstractCSVSpec.java:61: warning: no comment
[[1;33mWARNING[m] protected T getInstance() {
[[1;33mWARNING[m] ^
[[1;33mWARNING[m] /home/leonardo/uni/isw2/SyncopeNoTest/common/idm/rest-api/src/main/java/org/apache/syncope/common/rest/api/beans/AbstractCSVSpec.java:93: warning: no comment
[[1;33mWARNING[m] public B lineSeparator(final String lineSeparatorChar) {
[[1;33mWARNING[m] ^
[[1;33mWARNING[m] /home/leonardo/uni/isw2/SyncopeNoTest/common/idm/rest-api/src/main/java/org/apache/syncope/common/rest/api/beans/AbstractCSVSpec.java:117: warning: no comment
[[1;33mWARNING[m] public B matchingRule(final MatchingRule matchingRule) {
[[1;33mWARNING[m] ^
[[1;33mWARNING[m] /home/leonardo/uni/isw2/SyncopeNoTest/common/idm/rest-api/src/main/java/org/apache/syncope/common/rest/api/beans/AbstractCSVSpec.java:59: warning: no comment
[[1;33mWARNING[m] protected abstract T newInstance();
[[1;33mWARNING[m] ^
[[1;33mWARNING[m] /home/leonardo/uni/isw2/SyncopeNoTest/common/idm/rest-api/src/main/java/org/apache/syncope/common/rest/api/beans/AbstractCSVSpec.java:99: warning: no comment
[[1;33mWARNING[m] public B nullValue(final String nullValue) {
[[1;33mWARNING[m] ^
[[1;33mWARNING[m] /home/leonardo/uni/isw2/SyncopeNoTest/common/idm/rest-api/src/main/java/org/apache/syncope/common/rest/api/beans/AbstractCSVSpec.java:123: warning: no comment
[[1;33mWARNING[m] public B provisioningAction(final String provisioningActions) {
[[1;33mWARNING[m] ^
[[1;33mWARNING[m] /home/leonardo/uni/isw2/SyncopeNoTest/common/idm/rest-api/src/main/java/org/apache/syncope/common/rest/api/beans/AbstractCSVSpec.java:81: warning: no comment
[[1;33mWARNING[m] public B quoteChar(final char quoteChar) {
[[1;33mWARNING[m] ^
[[1;33mWARNING[m] /home/leonardo/uni/isw2/SyncopeNoTest/common/idm/rest-api/src/main/java/org/apache/syncope/common/rest/api/beans/AbstractCSVSpec.java:111: warning: no comment
[[1;33mWARNING[m] public B unmatchingRule(final UnmatchingRule unmatchingRule) {
[[1;33mWARNING[m] ^
[[1;33mWARNING[m] /home/leonardo/uni/isw2/SyncopeNoTest/common/idm/rest-api/src/main/java/org/apache/syncope/common/rest/api/beans/CSVPullSpec.java:30: warning: no comment
[[1;33mWARNING[m] public class CSVPullSpec extends AbstractCSVSpec {
[[1;33mWARNING[m] ^
[[1;33mWARNING[m] /home/leonardo/uni/isw2/SyncopeNoTest/common/idm/rest-api/src/main/java/org/apache/syncope/common/rest/api/beans/CSVPullSpec.java:34: warning: no comment
[[1;33mWARNING[m] public static class Builder extends AbstractCSVSpec.Builder<CSVPullSpec, Builder> {
[[1;33mWARNING[m] ^
[[1;33mWARNING[m] /home/leonardo/uni/isw2/SyncopeNoTest/common/idm/rest-api/src/main/java/org/apache/syncope/common/rest/api/beans/CSVPullSpec.java:30: warning: use of default constructor, which does not provide a comment
[[1;33mWARNING[m] public class CSVPullSpec extends AbstractCSVSpec {
[[1;33mWARNING[m] ^
[[1;33mWARNING[m] /home/leonardo/uni/isw2/SyncopeNoTest/common/idm/rest-api/src/main/java/org/apache/syncope/common/rest/api/beans/CSVPullSpec.java:122: warning: no comment
[[1;33mWARNING[m] public ConflictResolutionAction getConflictResolutionAction() {
[[1;33mWARNING[m] ^
[[1;33mWARNING[m] /home/leonardo/uni/isw2/SyncopeNoTest/common/idm/rest-api/src/main/java/org/apache/syncope/common/rest/api/beans/CSVPullSpec.java:84: warning: no comment
[[1;33mWARNING[m] public String getDestinationRealm() {
[[1;33mWARNING[m] ^
[[1;33mWARNING[m] /home/leonardo/uni/isw2/SyncopeNoTest/common/idm/rest-api/src/main/java/org/apache/syncope/common/rest/api/beans/CSVPullSpec.java:103: warning: no comment
[[1;33mWARNING[m] public Set<String> getIgnoreColumns() {
[[1;33mWARNING[m] ^
[[1;33mWARNING[m] /home/leonardo/uni/isw2/SyncopeNoTest/common/idm/rest-api/src/main/java/org/apache/syncope/common/rest/api/beans/CSVPullSpec.java:131: warning: no comment
[[1;33mWARNING[m] public String getInboundCorrelationRule() {
[[1;33mWARNING[m] ^
[[1;33mWARNING[m] /home/leonardo/uni/isw2/SyncopeNoTest/common/idm/rest-api/src/main/java/org/apache/syncope/common/rest/api/beans/CSVPullSpec.java:93: warning: no comment
[[1;33mWARNING[m] public String getKeyColumn() {
[[1;33mWARNING[m] ^
[[1;33mWARNING[m] /home/leonardo/uni/isw2/SyncopeNoTest/common/idm/rest-api/src/main/java/org/apache/syncope/common/rest/api/beans/CSVPullSpec.java:112: warning: no comment
[[1;33mWARNING[m] public Boolean getRemediation() {
[[1;33mWARNING[m] ^
[[1;33mWARNING[m] /home/leonardo/uni/isw2/SyncopeNoTest/common/idm/rest-api/src/main/java/org/apache/syncope/common/rest/api/beans/CSVPullSpec.java:127: warning: no comment
[[1;33mWARNING[m] public void setConflictResolutionAction(final ConflictResolutionAction conflictResolutionAction) {
[[1;33mWARNING[m] ^
[[1;33mWARNING[m] /home/leonardo/uni/isw2/SyncopeNoTest/common/idm/rest-api/src/main/java/org/apache/syncope/common/rest/api/beans/CSVPullSpec.java:89: warning: no comment
[[1;33mWARNING[m] public void setDestinationRealm(final String destinationRealm) {
[[1;33mWARNING[m] ^
[[1;33mWARNING[m] /home/leonardo/uni/isw2/SyncopeNoTest/common/idm/rest-api/src/main/java/org/apache/syncope/common/rest/api/beans/CSVPullSpec.java:108: warning: no comment
[[1;33mWARNING[m] public void setIgnoreColumns(final Set<String> ignoreColumns) {
[[1;33mWARNING[m] ^
[[1;33mWARNING[m] /home/leonardo/uni/isw2/SyncopeNoTest/common/idm/rest-api/src/main/java/org/apache/syncope/common/rest/api/beans/CSVPullSpec.java:136: warning: no comment
[[1;33mWARNING[m] public void setInboundCorrelationRule(final String inboundCorrelationRule) {
[[1;33mWARNING[m] ^
[[1;33mWARNING[m] /home/leonardo/uni/isw2/SyncopeNoTest/common/idm/rest-api/src/main/java/org/apache/syncope/common/rest/api/beans/CSVPullSpec.java:99: warning: no comment
[[1;33mWARNING[m] public void setKeyColumn(final String keyColumn) {
[[1;33mWARNING[m] ^
[[1;33mWARNING[m] /home/leonardo/uni/isw2/SyncopeNoTest/common/idm/rest-api/src/main/java/org/apache/syncope/common/rest/api/beans/CSVPullSpec.java:118: warning: no comment
[[1;33mWARNING[m] public void setRemediation(final boolean remediation) {
[[1;33mWARNING[m] ^
[[1;33mWARNING[m] /home/leonardo/uni/isw2/SyncopeNoTest/common/idm/rest-api/src/main/java/org/apache/syncope/common/rest/api/beans/CSVPullSpec.java:41: warning: no comment
[[1;33mWARNING[m] public Builder(final String anyTypeKey, final String keyColumn) {
[[1;33mWARNING[m] ^
[[1;33mWARNING[m] /home/leonardo/uni/isw2/SyncopeNoTest/common/idm/rest-api/src/main/java/org/apache/syncope/common/rest/api/beans/CSVPullSpec.java:61: warning: no comment
[[1;33mWARNING[m] public Builder conflictResolutionAction(final ConflictResolutionAction conflictResolutionAction) {
[[1;33mWARNING[m] ^
[[1;33mWARNING[m] /home/leonardo/uni/isw2/SyncopeNoTest/common/idm/rest-api/src/main/java/org/apache/syncope/common/rest/api/beans/CSVPullSpec.java:56: warning: no comment
[[1;33mWARNING[m] public Builder destinationRealm(final String destinationRealm) {
[[1;33mWARNING[m] ^
[[1;33mWARNING[m] /home/leonardo/uni/isw2/SyncopeNoTest/common/idm/rest-api/src/main/java/org/apache/syncope/common/rest/api/beans/CSVPullSpec.java:51: warning: no comment
[[1;33mWARNING[m] public Builder ignoreColumns(final String... ignoreColumns) {
[[1;33mWARNING[m] ^
[[1;33mWARNING[m] /home/leonardo/uni/isw2/SyncopeNoTest/common/idm/rest-api/src/main/java/org/apache/syncope/common/rest/api/beans/CSVPullSpec.java:66: warning: no comment
[[1;33mWARNING[m] public Builder inboundCorrelationRule(final String inboundCorrelationRule) {
[[1;33mWARNING[m] ^
[[1;33mWARNING[m] /home/leonardo/uni/isw2/SyncopeNoTest/common/idm/rest-api/src/main/java/org/apache/syncope/common/rest/api/beans/CSVPullSpec.java:46: warning: no comment
[[1;33mWARNING[m] public Builder remediation(final boolean remediation) {
[[1;33mWARNING[m] ^
[[1;33mWARNING[m] /home/leonardo/uni/isw2/SyncopeNoTest/common/idm/rest-api/src/main/java/org/apache/syncope/common/rest/api/beans/CSVPushSpec.java:27: warning: no comment
[[1;33mWARNING[m] public class CSVPushSpec extends AbstractCSVSpec {
[[1;33mWARNING[m] ^
[[1;33mWARNING[m] /home/leonardo/uni/isw2/SyncopeNoTest/common/idm/rest-api/src/main/java/org/apache/syncope/common/rest/api/beans/CSVPushSpec.java:31: warning: no comment
[[1;33mWARNING[m] public static class Builder extends AbstractCSVSpec.Builder<CSVPushSpec, Builder> {
[[1;33mWARNING[m] ^
[[1;33mWARNING[m] /home/leonardo/uni/isw2/SyncopeNoTest/common/idm/rest-api/src/main/java/org/apache/syncope/common/rest/api/beans/CSVPushSpec.java:91: warning: no comment
[[1;33mWARNING[m] protected List<String> propagationActions = new ArrayList<>();
[[1;33mWARNING[m] ^
[[1;33mWARNING[m] /home/leonardo/uni/isw2/SyncopeNoTest/common/idm/rest-api/src/main/java/org/apache/syncope/common/rest/api/beans/CSVPushSpec.java:27: warning: use of default constructor, which does not provide a comment
[[1;33mWARNING[m] public class CSVPushSpec extends AbstractCSVSpec {
[[1;33mWARNING[m] ^
[[1;33mWARNING[m] /home/leonardo/uni/isw2/SyncopeNoTest/common/idm/rest-api/src/main/java/org/apache/syncope/common/rest/api/beans/CSVPushSpec.java:111: warning: no comment
[[1;33mWARNING[m] public List<String> getDerAttrs() {
[[1;33mWARNING[m] ^
[[1;33mWARNING[m] /home/leonardo/uni/isw2/SyncopeNoTest/common/idm/rest-api/src/main/java/org/apache/syncope/common/rest/api/beans/CSVPushSpec.java:93: warning: no comment
[[1;33mWARNING[m] public List<String> getFields() {
[[1;33mWARNING[m] ^
[[1;33mWARNING[m] /home/leonardo/uni/isw2/SyncopeNoTest/common/idm/rest-api/src/main/java/org/apache/syncope/common/rest/api/beans/CSVPushSpec.java:120: warning: no comment
[[1;33mWARNING[m] public Boolean getIgnorePaging() {
[[1;33mWARNING[m] ^
[[1;33mWARNING[m] /home/leonardo/uni/isw2/SyncopeNoTest/common/idm/rest-api/src/main/java/org/apache/syncope/common/rest/api/beans/CSVPushSpec.java:102: warning: no comment
[[1;33mWARNING[m] public List<String> getPlainAttrs() {
[[1;33mWARNING[m] ^
[[1;33mWARNING[m] /home/leonardo/uni/isw2/SyncopeNoTest/common/idm/rest-api/src/main/java/org/apache/syncope/common/rest/api/beans/CSVPushSpec.java:130: warning: no comment
[[1;33mWARNING[m] public List<String> getPropagationActions() {
[[1;33mWARNING[m] ^
[[1;33mWARNING[m] /home/leonardo/uni/isw2/SyncopeNoTest/common/idm/rest-api/src/main/java/org/apache/syncope/common/rest/api/beans/CSVPushSpec.java:116: warning: no comment
[[1;33mWARNING[m] public void setDerAttrs(final List<String> derAttrs) {
[[1;33mWARNING[m] ^
[[1;33mWARNING[m] /home/leonardo/uni/isw2/SyncopeNoTest/common/idm/rest-api/src/main/java/org/apache/syncope/common/rest/api/beans/CSVPushSpec.java:98: warning: no comment
[[1;33mWARNING[m] public void setFields(final List<String> fields) {
[[1;33mWARNING[m] ^
[[1;33mWARNING[m] /home/leonardo/uni/isw2/SyncopeNoTest/common/idm/rest-api/src/main/java/org/apache/syncope/common/rest/api/beans/CSVPushSpec.java:126: warning: no comment
[[1;33mWARNING[m] public void setIgnorePaging(final Boolean ignorePaging) {
[[1;33mWARNING[m] ^
[[1;33mWARNING[m] /home/leonardo/uni/isw2/SyncopeNoTest/common/idm/rest-api/src/main/java/org/apache/syncope/common/rest/api/beans/CSVPushSpec.java:107: warning: no comment
[[1;33mWARNING[m] public void setPlainAttrs(final List<String> plainAttrs) {
[[1;33mWARNING[m] ^
[[1;33mWARNING[m] /home/leonardo/uni/isw2/SyncopeNoTest/common/idm/rest-api/src/main/java/org/apache/syncope/common/rest/api/beans/CSVPushSpec.java:135: warning: no comment
[[1;33mWARNING[m] public void setPropagationActions(final List<String> propagationActions) {
[[1;33mWARNING[m] ^
[[1;33mWARNING[m] /home/leonardo/uni/isw2/SyncopeNoTest/common/idm/rest-api/src/main/java/org/apache/syncope/common/rest/api/beans/CSVPushSpec.java:38: warning: no comment
[[1;33mWARNING[m] public Builder(final String anyTypeKey) {
[[1;33mWARNING[m] ^
[[1;33mWARNING[m] /home/leonardo/uni/isw2/SyncopeNoTest/common/idm/rest-api/src/main/java/org/apache/syncope/common/rest/api/beans/CSVPushSpec.java:62: warning: no comment
[[1;33mWARNING[m] public Builder derAttr(final String derAttr) {
[[1;33mWARNING[m] ^
[[1;33mWARNING[m] /home/leonardo/uni/isw2/SyncopeNoTest/common/idm/rest-api/src/main/java/org/apache/syncope/common/rest/api/beans/CSVPushSpec.java:67: warning: no comment
[[1;33mWARNING[m] public Builder derAttrs(final Collection<String> derAttrs) {
[[1;33mWARNING[m] ^
[[1;33mWARNING[m] /home/leonardo/uni/isw2/SyncopeNoTest/common/idm/rest-api/src/main/java/org/apache/syncope/common/rest/api/beans/CSVPushSpec.java:42: warning: no comment
[[1;33mWARNING[m] public Builder field(final String field) {
[[1;33mWARNING[m] ^
[[1;33mWARNING[m] /home/leonardo/uni/isw2/SyncopeNoTest/common/idm/rest-api/src/main/java/org/apache/syncope/common/rest/api/beans/CSVPushSpec.java:47: warning: no comment
[[1;33mWARNING[m] public Builder fields(final Collection<String> fields) {
[[1;33mWARNING[m] ^
[[1;33mWARNING[m] /home/leonardo/uni/isw2/SyncopeNoTest/common/idm/rest-api/src/main/java/org/apache/syncope/common/rest/api/beans/CSVPushSpec.java:72: warning: no comment
[[1;33mWARNING[m] public Builder ignorePaging(final boolean ignorePaging) {
[[1;33mWARNING[m] ^
[[1;33mWARNING[m] /home/leonardo/uni/isw2/SyncopeNoTest/common/idm/rest-api/src/main/java/org/apache/syncope/common/rest/api/beans/CSVPushSpec.java:52: warning: no comment
[[1;33mWARNING[m] public Builder plainAttr(final String plainAttr) {
[[1;33mWARNING[m] ^
[[1;33mWARNING[m] /home/leonardo/uni/isw2/SyncopeNoTest/common/idm/rest-api/src/main/java/org/apache/syncope/common/rest/api/beans/CSVPushSpec.java:57: warning: no comment
[[1;33mWARNING[m] public Builder plainAttrs(final Collection<String> plainAttrs) {
[[1;33mWARNING[m] ^
[[1;33mWARNING[m] /home/leonardo/uni/isw2/SyncopeNoTest/common/idm/rest-api/src/main/java/org/apache/syncope/common/rest/api/beans/CSVPushSpec.java:77: warning: no comment
[[1;33mWARNING[m] public Builder propagationAction(final String propagationAction) {
[[1;33mWARNING[m] ^
[[1;33mWARNING[m] /home/leonardo/uni/isw2/SyncopeNoTest/common/idm/rest-api/src/main/java/org/apache/syncope/common/rest/api/beans/ReconQuery.java:32: warning: no comment
[[1;33mWARNING[m] public class ReconQuery implements Serializable {
[[1;33mWARNING[m] ^
[[1;33mWARNING[m] /home/leonardo/uni/isw2/SyncopeNoTest/common/idm/rest-api/src/main/java/org/apache/syncope/common/rest/api/beans/ReconQuery.java:36: warning: no comment
[[1;33mWARNING[m] public static class Builder {
[[1;33mWARNING[m] ^
[[1;33mWARNING[m] /home/leonardo/uni/isw2/SyncopeNoTest/common/idm/rest-api/src/main/java/org/apache/syncope/common/rest/api/beans/ReconQuery.java:32: warning: use of default constructor, which does not provide a comment
[[1;33mWARNING[m] public class ReconQuery implements Serializable {
[[1;33mWARNING[m] ^
[[1;33mWARNING[m] /home/leonardo/uni/isw2/SyncopeNoTest/common/idm/rest-api/src/main/java/org/apache/syncope/common/rest/api/beans/ReconQuery.java:99: warning: no comment
[[1;33mWARNING[m] public String getAnyKey() {
[[1;33mWARNING[m] ^
[[1;33mWARNING[m] /home/leonardo/uni/isw2/SyncopeNoTest/common/idm/rest-api/src/main/java/org/apache/syncope/common/rest/api/beans/ReconQuery.java:89: warning: no comment
[[1;33mWARNING[m] public String getAnyTypeKey() {
[[1;33mWARNING[m] ^
[[1;33mWARNING[m] 100 warnings
[[1;34mINFO[m] Building jar: /home/leonardo/uni/isw2/SyncopeNoTest/common/idm/rest-api/target/syncope-common-idm-rest-api-5.0.0-SNAPSHOT-javadoc.jar
[[1;34mINFO[m] 
[[1;34mINFO[m] [1m--- [0;32mmodernizer:3.3.0:modernizer[m [1m(modernizer-check)[m @ [36msyncope-common-idm-rest-api[0;1m ---[m
[[1;34mINFO[m] Skipping modernizer execution!
[[1;34mINFO[m] 
[[1;34mINFO[m] [1m--- [0;32mapache-rat:0.16.1:check[m [1m(rat-check)[m @ [36msyncope-common-idm-rest-api[0;1m ---[m
[[1;34mINFO[m] RAT will not execute since it is configured to be skipped via system property 'rat.skip'.
[[1;34mINFO[m] 
[[1;34mINFO[m] [1m--- [0;32mtools:1.4:verify-legal-files[m [1m(verify-legal-files)[m @ [36msyncope-common-idm-rest-api[0;1m ---[m
[[1;34mINFO[m] Checking legal files in: syncope-common-idm-rest-api-5.0.0-SNAPSHOT.jar
[[1;34mINFO[m] Checking legal files in: syncope-common-idm-rest-api-5.0.0-SNAPSHOT-javadoc.jar
[[1;34mINFO[m] 
[[1;34mINFO[m] [1m------------< [0;36morg.apache.syncope.common:syncope-common-am[0;1m >-------------[m
[[1;34mINFO[m] [1mBuilding Apache Syncope Common AM 5.0.0-SNAPSHOT                 [11/22][m
[[1;34mINFO[m]   from common/am/pom.xml
[[1;34mINFO[m] [1m--------------------------------[ pom ]---------------------------------[m
[[1;34mINFO[m] Cache is DISABLED on project level for org.apache.syncope.common:syncope-common-am
[[1;34mINFO[m] 
[[1;34mINFO[m] [1m--- [0;32menforcer:3.6.2:enforce[m [1m(enforce-maven-version)[m @ [36msyncope-common-am[0;1m ---[m
[[1;34mINFO[m] 
[[1;34mINFO[m] [1m--- [0;32menforcer:3.6.2:enforce[m [1m(enforce-java-version)[m @ [36msyncope-common-am[0;1m ---[m
[[1;34mINFO[m] 
[[1;34mINFO[m] [1m--- [0;32menforcer:3.6.2:enforce[m [1m(default-cli)[m @ [36msyncope-common-am[0;1m ---[m
[[1;34mINFO[m] 
[[1;34mINFO[m] [1m--- [0;32mjacoco:0.8.14:prepare-agent[m [1m(prepare-jacoco-agent)[m @ [36msyncope-common-am[0;1m ---[m
[[1;34mINFO[m] argLine set to -javaagent:/home/leonardo/.m2/repository/org/jacoco/org.jacoco.agent/0.8.14/org.jacoco.agent-0.8.14-runtime.jar=destfile=/home/leonardo/uni/isw2/SyncopeNoTest/common/am/target/jacoco.exec -Xms512m -Xmx1024m -Xss256k
[[1;34mINFO[m] 
[[1;34mINFO[m] [1m--- [0;32mgplus:4.3.1:execute[m [1m(default)[m @ [36msyncope-common-am[0;1m ---[m
[[1;34mINFO[m] Using plugin classloader, includes GMavenPlus and project classpath.
[[1;34mINFO[m] Using Groovy 5.0.5 to perform execute.
[[1;34mINFO[m] 
[[1;34mINFO[m] [1m--- [0;32mremote-resources:3.3.0:process[m [1m(process-resource-bundles)[m @ [36msyncope-common-am[0;1m ---[m
[[1;34mINFO[m] Skipping remote resources execution.
[[1;34mINFO[m] 
[[1;34mINFO[m] [1m--- [0;32mresources:3.5.0:copy-resources[m [1m(copy-artifact-legal-files)[m @ [36msyncope-common-am[0;1m ---[m
[[1;34mINFO[m] Copying 2 resources from ../.. to target/classes/META-INF
[[1;34mINFO[m] 
[[1;34mINFO[m] [1m--- [0;32mresources:3.5.0:copy-resources[m [1m(copy-javadoc-legal-files)[m @ [36msyncope-common-am[0;1m ---[m
[[1;34mINFO[m] Copying 2 resources from ../.. to target/reports/apidocs/META-INF
[[1;34mINFO[m] 
[[1;34mINFO[m] [1m--- [0;32mjacoco:0.8.14:report[m [1m(generate-code-coverage-report)[m @ [36msyncope-common-am[0;1m ---[m
[[1;34mINFO[m] Skipping JaCoCo execution due to missing execution data file.
[[1;34mINFO[m] 
[[1;34mINFO[m] [1m--- [0;32mmodernizer:3.3.0:modernizer[m [1m(modernizer-check)[m @ [36msyncope-common-am[0;1m ---[m
[[1;34mINFO[m] Skipping modernizer execution!
[[1;34mINFO[m] 
[[1;34mINFO[m] [1m--- [0;32mapache-rat:0.16.1:check[m [1m(rat-check)[m @ [36msyncope-common-am[0;1m ---[m
[[1;34mINFO[m] RAT will not execute since it is configured to be skipped via system property 'rat.skip'.
[[1;34mINFO[m] 
[[1;34mINFO[m] [1m--- [0;32mtools:1.4:verify-legal-files[m [1m(verify-legal-files)[m @ [36msyncope-common-am[0;1m ---[m
[[1;34mINFO[m] 
[[1;34mINFO[m] [1m---------< [0;36morg.apache.syncope.common.am:syncope-common-am-lib[0;1m >---------[m
[[1;34mINFO[m] [1mBuilding Apache Syncope Common AM Lib 5.0.0-SNAPSHOT             [12/22][m
[[1;34mINFO[m]   from common/am/lib/pom.xml
[[1;34mINFO[m] [1m--------------------------------[ jar ]---------------------------------[m
[[1;34mINFO[m] Cache is DISABLED on project level for org.apache.syncope.common.am:syncope-common-am-lib
[[1;34mINFO[m] 
[[1;34mINFO[m] [1m--- [0;32menforcer:3.6.2:enforce[m [1m(enforce-maven-version)[m @ [36msyncope-common-am-lib[0;1m ---[m
[[1;34mINFO[m] 
[[1;34mINFO[m] [1m--- [0;32menforcer:3.6.2:enforce[m [1m(enforce-java-version)[m @ [36msyncope-common-am-lib[0;1m ---[m
[[1;34mINFO[m] 
[[1;34mINFO[m] [1m--- [0;32menforcer:3.6.2:enforce[m [1m(default-cli)[m @ [36msyncope-common-am-lib[0;1m ---[m
[[1;34mINFO[m] 
[[1;34mINFO[m] [1m--- [0;32mjacoco:0.8.14:prepare-agent[m [1m(prepare-jacoco-agent)[m @ [36msyncope-common-am-lib[0;1m ---[m
[[1;34mINFO[m] argLine set to -javaagent:/home/leonardo/.m2/repository/org/jacoco/org.jacoco.agent/0.8.14/org.jacoco.agent-0.8.14-runtime.jar=destfile=/home/leonardo/uni/isw2/SyncopeNoTest/common/am/lib/target/jacoco.exec -Xms512m -Xmx1024m -Xss256k
[[1;34mINFO[m] 
[[1;34mINFO[m] [1m--- [0;32mgplus:4.3.1:execute[m [1m(default)[m @ [36msyncope-common-am-lib[0;1m ---[m
[[1;34mINFO[m] Using plugin classloader, includes GMavenPlus and project classpath.
[[1;34mINFO[m] Using Groovy 5.0.5 to perform execute.
[[1;34mINFO[m] 
[[1;34mINFO[m] [1m--- [0;32mremote-resources:3.3.0:process[m [1m(process-resource-bundles)[m @ [36msyncope-common-am-lib[0;1m ---[m
[[1;34mINFO[m] Skipping remote resources execution.
[[1;34mINFO[m] 
[[1;34mINFO[m] [1m--- [0;32mresources:3.5.0:resources[m [1m(default-resources)[m @ [36msyncope-common-am-lib[0;1m ---[m
[[1;34mINFO[m] skip non existing resourceDirectory /home/leonardo/uni/isw2/SyncopeNoTest/common/am/lib/src/main/resources
[[1;34mINFO[m] 
[[1;34mINFO[m] [1m--- [0;32mresources:3.5.0:copy-resources[m [1m(copy-artifact-legal-files)[m @ [36msyncope-common-am-lib[0;1m ---[m
[[1;34mINFO[m] Copying 2 resources from ../../.. to target/classes/META-INF
[[1;34mINFO[m] 
[[1;34mINFO[m] [1m--- [0;32mresources:3.5.0:copy-resources[m [1m(copy-javadoc-legal-files)[m @ [36msyncope-common-am-lib[0;1m ---[m
[[1;34mINFO[m] Copying 2 resources from ../../.. to target/reports/apidocs/META-INF
[[1;34mINFO[m] 
[[1;34mINFO[m] [1m--- [0;32mcompiler:3.15.0:compile[m [1m(default-compile)[m @ [36msyncope-common-am-lib[0;1m ---[m
[[1;34mINFO[m] Nothing to compile - all classes are up to date.
[[1;34mINFO[m] 
[[1;34mINFO[m] [1m--- [0;32mresources:3.5.0:testResources[m [1m(default-testResources)[m @ [36msyncope-common-am-lib[0;1m ---[m
[[1;34mINFO[m] skip non existing resourceDirectory /home/leonardo/uni/isw2/SyncopeNoTest/common/am/lib/src/test/resources
[[1;34mINFO[m] 
[[1;34mINFO[m] [1m--- [0;32mcompiler:3.15.0:testCompile[m [1m(default-testCompile)[m @ [36msyncope-common-am-lib[0;1m ---[m
[[1;34mINFO[m] No sources to compile
[[1;34mINFO[m] 
[[1;34mINFO[m] [1m--- [0;32msurefire:3.5.5:test[m [1m(default-test)[m @ [36msyncope-common-am-lib[0;1m ---[m
[[1;34mINFO[m] No tests to run.
[[1;34mINFO[m] 
[[1;34mINFO[m] [1m--- [0;32mjacoco:0.8.14:report[m [1m(generate-code-coverage-report)[m @ [36msyncope-common-am-lib[0;1m ---[m
[[1;34mINFO[m] Skipping JaCoCo execution due to missing execution data file.
[[1;34mINFO[m] 
[[1;34mINFO[m] [1m--- [0;32mjar:3.5.0:jar[m [1m(default-jar)[m @ [36msyncope-common-am-lib[0;1m ---[m
[[1;34mINFO[m] Building jar: /home/leonardo/uni/isw2/SyncopeNoTest/common/am/lib/target/syncope-common-am-lib-5.0.0-SNAPSHOT.jar
[[1;34mINFO[m] 
[[1;34mINFO[m] [1m--- [0;32mmodernizer:3.3.0:modernizer[m [1m(modernizer-check)[m @ [36msyncope-common-am-lib[0;1m ---[m
[[1;34mINFO[m] Skipping modernizer execution!
[[1;34mINFO[m] 
[[1;34mINFO[m] [1m--- [0;32mapache-rat:0.16.1:check[m [1m(rat-check)[m @ [36msyncope-common-am-lib[0;1m ---[m
[[1;34mINFO[m] RAT will not execute since it is configured to be skipped via system property 'rat.skip'.
[[1;34mINFO[m] 
[[1;34mINFO[m] [1m--- [0;32mtools:1.4:verify-legal-files[m [1m(verify-legal-files)[m @ [36msyncope-common-am-lib[0;1m ---[m
[[1;34mINFO[m] Checking legal files in: syncope-common-am-lib-5.0.0-SNAPSHOT.jar
[[1;34mINFO[m] 
[[1;34mINFO[m] [1m------< [0;36morg.apache.syncope.common.am:syncope-common-am-rest-api[0;1m >-------[m
[[1;34mINFO[m] [1mBuilding Apache Syncope Common AM REST API 5.0.0-SNAPSHOT        [13/22][m
[[1;34mINFO[m]   from common/am/rest-api/pom.xml
[[1;34mINFO[m] [1m--------------------------------[ jar ]---------------------------------[m
[[1;34mINFO[m] Cache is DISABLED on project level for org.apache.syncope.common.am:syncope-common-am-rest-api
[[1;34mINFO[m] 
[[1;34mINFO[m] [1m--- [0;32menforcer:3.6.2:enforce[m [1m(enforce-maven-version)[m @ [36msyncope-common-am-rest-api[0;1m ---[m
[[1;34mINFO[m] 
[[1;34mINFO[m] [1m--- [0;32menforcer:3.6.2:enforce[m [1m(enforce-java-version)[m @ [36msyncope-common-am-rest-api[0;1m ---[m
[[1;34mINFO[m] 
[[1;34mINFO[m] [1m--- [0;32menforcer:3.6.2:enforce[m [1m(default-cli)[m @ [36msyncope-common-am-rest-api[0;1m ---[m
[[1;34mINFO[m] 
[[1;34mINFO[m] [1m--- [0;32mjacoco:0.8.14:prepare-agent[m [1m(prepare-jacoco-agent)[m @ [36msyncope-common-am-rest-api[0;1m ---[m
[[1;34mINFO[m] argLine set to -javaagent:/home/leonardo/.m2/repository/org/jacoco/org.jacoco.agent/0.8.14/org.jacoco.agent-0.8.14-runtime.jar=destfile=/home/leonardo/uni/isw2/SyncopeNoTest/common/am/rest-api/target/jacoco.exec -Xms512m -Xmx1024m -Xss256k
[[1;34mINFO[m] 
[[1;34mINFO[m] [1m--- [0;32mgplus:4.3.1:execute[m [1m(default)[m @ [36msyncope-common-am-rest-api[0;1m ---[m
[[1;34mINFO[m] Using plugin classloader, includes GMavenPlus and project classpath.
[[1;34mINFO[m] Using Groovy 5.0.5 to perform execute.
[[1;34mINFO[m] 
[[1;34mINFO[m] [1m--- [0;32mremote-resources:3.3.0:process[m [1m(process-resource-bundles)[m @ [36msyncope-common-am-rest-api[0;1m ---[m
[[1;34mINFO[m] Skipping remote resources execution.
[[1;34mINFO[m] 
[[1;34mINFO[m] [1m--- [0;32mresources:3.5.0:resources[m [1m(default-resources)[m @ [36msyncope-common-am-rest-api[0;1m ---[m
[[1;34mINFO[m] skip non existing resourceDirectory /home/leonardo/uni/isw2/SyncopeNoTest/common/am/rest-api/src/main/resources
[[1;34mINFO[m] 
[[1;34mINFO[m] [1m--- [0;32mresources:3.5.0:copy-resources[m [1m(copy-artifact-legal-files)[m @ [36msyncope-common-am-rest-api[0;1m ---[m
[[1;34mINFO[m] Copying 2 resources from ../../.. to target/classes/META-INF
[[1;34mINFO[m] 
[[1;34mINFO[m] [1m--- [0;32mresources:3.5.0:copy-resources[m [1m(copy-javadoc-legal-files)[m @ [36msyncope-common-am-rest-api[0;1m ---[m
[[1;34mINFO[m] Copying 2 resources from ../../.. to target/reports/apidocs/META-INF
[[1;34mINFO[m] 
[[1;34mINFO[m] [1m--- [0;32mcompiler:3.15.0:compile[m [1m(default-compile)[m @ [36msyncope-common-am-rest-api[0;1m ---[m
[[1;34mINFO[m] Nothing to compile - all classes are up to date.
[[1;34mINFO[m] 
[[1;34mINFO[m] [1m--- [0;32mresources:3.5.0:testResources[m [1m(default-testResources)[m @ [36msyncope-common-am-rest-api[0;1m ---[m
[[1;34mINFO[m] skip non existing resourceDirectory /home/leonardo/uni/isw2/SyncopeNoTest/common/am/rest-api/src/test/resources
[[1;34mINFO[m] 
[[1;34mINFO[m] [1m--- [0;32mcompiler:3.15.0:testCompile[m [1m(default-testCompile)[m @ [36msyncope-common-am-rest-api[0;1m ---[m
[[1;34mINFO[m] No sources to compile
[[1;34mINFO[m] 
[[1;34mINFO[m] [1m--- [0;32msurefire:3.5.5:test[m [1m(default-test)[m @ [36msyncope-common-am-rest-api[0;1m ---[m
[[1;34mINFO[m] No tests to run.
[[1;34mINFO[m] 
[[1;34mINFO[m] [1m--- [0;32mjacoco:0.8.14:report[m [1m(generate-code-coverage-report)[m @ [36msyncope-common-am-rest-api[0;1m ---[m
[[1;34mINFO[m] Skipping JaCoCo execution due to missing execution data file.
[[1;34mINFO[m] 
[[1;34mINFO[m] [1m--- [0;32mjar:3.5.0:jar[m [1m(default-jar)[m @ [36msyncope-common-am-rest-api[0;1m ---[m
[[1;34mINFO[m] Building jar: /home/leonardo/uni/isw2/SyncopeNoTest/common/am/rest-api/target/syncope-common-am-rest-api-5.0.0-SNAPSHOT.jar
[[1;34mINFO[m] 
[[1;34mINFO[m] [1m--- [0;32mjavadoc:3.12.0:jar[m [1m(attach-javadocs)[m @ [36msyncope-common-am-rest-api[0;1m ---[m
[[1;33mWARNING[m] Javadoc Warnings
[[1;33mWARNING[m] /home/leonardo/uni/isw2/SyncopeNoTest/common/am/rest-api/src/main/java/org/apache/syncope/common/rest/api/beans/AuthProfileQuery.java:26: warning: no comment
[[1;33mWARNING[m] public class AuthProfileQuery extends AbstractQuery {
[[1;33mWARNING[m] ^
[[1;33mWARNING[m] /home/leonardo/uni/isw2/SyncopeNoTest/common/am/rest-api/src/main/java/org/apache/syncope/common/rest/api/beans/AuthProfileQuery.java:30: warning: no comment
[[1;33mWARNING[m] public static class Builder extends AbstractQuery.Builder<AuthProfileQuery, Builder> {
[[1;33mWARNING[m] ^
[[1;33mWARNING[m] /home/leonardo/uni/isw2/SyncopeNoTest/common/am/rest-api/src/main/java/org/apache/syncope/common/rest/api/beans/AuthProfileQuery.java:26: warning: use of default constructor, which does not provide a comment
[[1;33mWARNING[m] public class AuthProfileQuery extends AbstractQuery {
[[1;33mWARNING[m] ^
[[1;33mWARNING[m] /home/leonardo/uni/isw2/SyncopeNoTest/common/am/rest-api/src/main/java/org/apache/syncope/common/rest/api/beans/AuthProfileQuery.java:47: warning: no comment
[[1;33mWARNING[m] public String getKeyword() {
[[1;33mWARNING[m] ^
[[1;33mWARNING[m] /home/leonardo/uni/isw2/SyncopeNoTest/common/am/rest-api/src/main/java/org/apache/syncope/common/rest/api/beans/AuthProfileQuery.java:52: warning: no comment
[[1;33mWARNING[m] public void setKeyword(final String keyword) {
[[1;33mWARNING[m] ^
[[1;33mWARNING[m] /home/leonardo/uni/isw2/SyncopeNoTest/common/am/rest-api/src/main/java/org/apache/syncope/common/rest/api/beans/AuthProfileQuery.java:30: warning: use of default constructor, which does not provide a comment
[[1;33mWARNING[m] public static class Builder extends AbstractQuery.Builder<AuthProfileQuery, Builder> {
[[1;33mWARNING[m] ^
[[1;33mWARNING[m] /home/leonardo/uni/isw2/SyncopeNoTest/common/am/rest-api/src/main/java/org/apache/syncope/common/rest/api/beans/AuthProfileQuery.java:37: warning: no comment
[[1;33mWARNING[m] public Builder keyword(final String keyword) {
[[1;33mWARNING[m] ^
[[1;33mWARNING[m] /home/leonardo/uni/isw2/SyncopeNoTest/common/am/rest-api/src/main/java/org/apache/syncope/common/rest/api/service/wa/GoogleMfaAuthAccountService.java:43: warning: no comment
[[1;33mWARNING[m] public interface GoogleMfaAuthAccountService extends JAXRSService {
[[1;33mWARNING[m] ^
[[1;33mWARNING[m] /home/leonardo/uni/isw2/SyncopeNoTest/common/am/rest-api/src/main/java/org/apache/syncope/common/rest/api/service/wa/GoogleMfaAuthAccountService.java:65: warning: no comment
[[1;33mWARNING[m] void create(@NotNull GoogleMfaAuthAccount acct);
[[1;33mWARNING[m] ^
[[1;33mWARNING[m] /home/leonardo/uni/isw2/SyncopeNoTest/common/am/rest-api/src/main/java/org/apache/syncope/common/rest/api/service/wa/GoogleMfaAuthAccountService.java:82: warning: no comment
[[1;33mWARNING[m] void delete(@NotNull @PathParam("id") long id);
[[1;33mWARNING[m] ^
[[1;33mWARNING[m] /home/leonardo/uni/isw2/SyncopeNoTest/common/am/rest-api/src/main/java/org/apache/syncope/common/rest/api/service/wa/GoogleMfaAuthAccountService.java:76: warning: no comment
[[1;33mWARNING[m] void delete(@NotNull @PathParam("owner") String owner);
[[1;33mWARNING[m] ^
[[1;33mWARNING[m] /home/leonardo/uni/isw2/SyncopeNoTest/common/am/rest-api/src/main/java/org/apache/syncope/common/rest/api/service/wa/GoogleMfaAuthAccountService.java:87: warning: no comment
[[1;33mWARNING[m] void deleteAll();
[[1;33mWARNING[m] ^
[[1;33mWARNING[m] /home/leonardo/uni/isw2/SyncopeNoTest/common/am/rest-api/src/main/java/org/apache/syncope/common/rest/api/service/wa/GoogleMfaAuthAccountService.java:48: warning: no comment
[[1;33mWARNING[m] PagedResult<GoogleMfaAuthAccount> list();
[[1;33mWARNING[m] ^
[[1;33mWARNING[m] /home/leonardo/uni/isw2/SyncopeNoTest/common/am/rest-api/src/main/java/org/apache/syncope/common/rest/api/service/wa/GoogleMfaAuthAccountService.java:60: warning: no comment
[[1;33mWARNING[m] GoogleMfaAuthAccount read(@NotNull @PathParam("id") long id);
[[1;33mWARNING[m] ^
[[1;33mWARNING[m] /home/leonardo/uni/isw2/SyncopeNoTest/common/am/rest-api/src/main/java/org/apache/syncope/common/rest/api/service/wa/GoogleMfaAuthAccountService.java:54: warning: no comment
[[1;33mWARNING[m] PagedResult<GoogleMfaAuthAccount> read(@NotNull @PathParam("owner") String owner);
[[1;33mWARNING[m] ^
[[1;33mWARNING[m] /home/leonardo/uni/isw2/SyncopeNoTest/common/am/rest-api/src/main/java/org/apache/syncope/common/rest/api/service/wa/GoogleMfaAuthAccountService.java:70: warning: no comment
[[1;33mWARNING[m] void update(@NotNull GoogleMfaAuthAccount acct);
[[1;33mWARNING[m] ^
[[1;33mWARNING[m] /home/leonardo/uni/isw2/SyncopeNoTest/common/am/rest-api/src/main/java/org/apache/syncope/common/rest/api/service/wa/GoogleMfaAuthTokenService.java:44: warning: no comment
[[1;33mWARNING[m] public interface GoogleMfaAuthTokenService extends JAXRSService {
[[1;33mWARNING[m] ^
[[1;33mWARNING[m] /home/leonardo/uni/isw2/SyncopeNoTest/common/am/rest-api/src/main/java/org/apache/syncope/common/rest/api/service/wa/GoogleMfaAuthTokenService.java:67: warning: no comment
[[1;33mWARNING[m] void delete(@NotNull @PathParam("otp") int otp);
[[1;33mWARNING[m] ^
[[1;33mWARNING[m] /home/leonardo/uni/isw2/SyncopeNoTest/common/am/rest-api/src/main/java/org/apache/syncope/common/rest/api/service/wa/GoogleMfaAuthTokenService.java:61: warning: no comment
[[1;33mWARNING[m] void delete(@NotNull @PathParam("owner") String owner);
[[1;33mWARNING[m] ^
[[1;33mWARNING[m] /home/leonardo/uni/isw2/SyncopeNoTest/common/am/rest-api/src/main/java/org/apache/syncope/common/rest/api/service/wa/GoogleMfaAuthTokenService.java:55: warning: no comment
[[1;33mWARNING[m] void delete(@NotNull @PathParam("owner") String owner, @NotNull @PathParam("otp") int otp);
[[1;33mWARNING[m] ^
[[1;33mWARNING[m] /home/leonardo/uni/isw2/SyncopeNoTest/common/am/rest-api/src/main/java/org/apache/syncope/common/rest/api/service/wa/GoogleMfaAuthTokenService.java:49: warning: no comment
[[1;33mWARNING[m] void delete(@QueryParam("expirationDate") LocalDateTime expirationDate);
[[1;33mWARNING[m] ^
[[1;33mWARNING[m] /home/leonardo/uni/isw2/SyncopeNoTest/common/am/rest-api/src/main/java/org/apache/syncope/common/rest/api/service/wa/GoogleMfaAuthTokenService.java:90: warning: no comment
[[1;33mWARNING[m] PagedResult<GoogleMfaAuthToken> list();
[[1;33mWARNING[m] ^
[[1;33mWARNING[m] /home/leonardo/uni/isw2/SyncopeNoTest/common/am/rest-api/src/main/java/org/apache/syncope/common/rest/api/service/wa/GoogleMfaAuthTokenService.java:85: warning: no comment
[[1;33mWARNING[m] PagedResult<GoogleMfaAuthToken> read(@NotNull @PathParam("owner") String owner);
[[1;33mWARNING[m] ^
[[1;33mWARNING[m] /home/leonardo/uni/isw2/SyncopeNoTest/common/am/rest-api/src/main/java/org/apache/syncope/common/rest/api/service/wa/GoogleMfaAuthTokenService.java:79: warning: no comment
[[1;33mWARNING[m] GoogleMfaAuthToken read(@NotNull @PathParam("owner") String owner, @NotNull @PathParam("otp") int otp);
[[1;33mWARNING[m] ^
[[1;33mWARNING[m] /home/leonardo/uni/isw2/SyncopeNoTest/common/am/rest-api/src/main/java/org/apache/syncope/common/rest/api/service/wa/GoogleMfaAuthTokenService.java:73: warning: no comment
[[1;33mWARNING[m] void store(@NotNull @PathParam("owner") String owner, @NotNull GoogleMfaAuthToken token);
[[1;33mWARNING[m] ^
[[1;33mWARNING[m] /home/leonardo/uni/isw2/SyncopeNoTest/common/am/rest-api/src/main/java/org/apache/syncope/common/rest/api/service/wa/ImpersonationService.java:42: warning: no comment
[[1;33mWARNING[m] public interface ImpersonationService extends JAXRSService {
[[1;33mWARNING[m] ^
[[1;33mWARNING[m] /home/leonardo/uni/isw2/SyncopeNoTest/common/am/rest-api/src/main/java/org/apache/syncope/common/rest/api/service/wa/ImpersonationService.java:54: warning: no comment
[[1;33mWARNING[m] void create(@NotNull @PathParam("owner") String owner, @NotNull ImpersonationAccount account);
[[1;33mWARNING[m] ^
[[1;33mWARNING[m] /home/leonardo/uni/isw2/SyncopeNoTest/common/am/rest-api/src/main/java/org/apache/syncope/common/rest/api/service/wa/ImpersonationService.java:60: warning: no comment
[[1;33mWARNING[m] void delete(@NotNull @PathParam("owner") String owner, @NotNull @PathParam("impersonated") String impersonated);
[[1;33mWARNING[m] ^
[[1;33mWARNING[m] /home/leonardo/uni/isw2/SyncopeNoTest/common/am/rest-api/src/main/java/org/apache/syncope/common/rest/api/service/wa/ImpersonationService.java:48: warning: no comment
[[1;33mWARNING[m] List<ImpersonationAccount> read(@NotNull @PathParam("owner") String owner);
[[1;33mWARNING[m] ^
[[1;33mWARNING[m] /home/leonardo/uni/isw2/SyncopeNoTest/common/am/rest-api/src/main/java/org/apache/syncope/common/rest/api/beans/MfaTrustedDeviceQuery.java:27: warning: no comment
[[1;33mWARNING[m] public class MfaTrustedDeviceQuery extends AbstractQuery {
[[1;33mWARNING[m] ^
[[1;33mWARNING[m] /home/leonardo/uni/isw2/SyncopeNoTest/common/am/rest-api/src/main/java/org/apache/syncope/common/rest/api/beans/MfaTrustedDeviceQuery.java:31: warning: no comment
[[1;33mWARNING[m] public static class Builder extends AbstractQuery.Builder<MfaTrustedDeviceQuery, MfaTrustedDeviceQuery.Builder> {
[[1;33mWARNING[m] ^
[[1;33mWARNING[m] /home/leonardo/uni/isw2/SyncopeNoTest/common/am/rest-api/src/main/java/org/apache/syncope/common/rest/api/beans/MfaTrustedDeviceQuery.java:27: warning: use of default constructor, which does not provide a comment
[[1;33mWARNING[m] public class MfaTrustedDeviceQuery extends AbstractQuery {
[[1;33mWARNING[m] ^
[[1;33mWARNING[m] /home/leonardo/uni/isw2/SyncopeNoTest/common/am/rest-api/src/main/java/org/apache/syncope/common/rest/api/beans/MfaTrustedDeviceQuery.java:98: warning: no comment
[[1;33mWARNING[m] public OffsetDateTime getExpirationDate() {
[[1;33mWARNING[m] ^
[[1;33mWARNING[m] /home/leonardo/uni/isw2/SyncopeNoTest/common/am/rest-api/src/main/java/org/apache/syncope/common/rest/api/beans/MfaTrustedDeviceQuery.java:76: warning: no comment
[[1;33mWARNING[m] public Long getId() {
[[1;33mWARNING[m] ^
[[1;33mWARNING[m] /home/leonardo/uni/isw2/SyncopeNoTest/common/am/rest-api/src/main/java/org/apache/syncope/common/rest/api/beans/MfaTrustedDeviceQuery.java:120: warning: no comment
[[1;33mWARNING[m] public String getPrincipal() {
[[1;33mWARNING[m] ^
[[1;33mWARNING[m] /home/leonardo/uni/isw2/SyncopeNoTest/common/am/rest-api/src/main/java/org/apache/syncope/common/rest/api/beans/MfaTrustedDeviceQuery.java:109: warning: no comment
[[1;33mWARNING[m] public OffsetDateTime getRecordDate() {
[[1;33mWARNING[m] ^
[[1;33mWARNING[m] /home/leonardo/uni/isw2/SyncopeNoTest/common/am/rest-api/src/main/java/org/apache/syncope/common/rest/api/beans/MfaTrustedDeviceQuery.java:87: warning: no comment
[[1;33mWARNING[m] public String getRecordKey() {
[[1;33mWARNING[m] ^
[[1;33mWARNING[m] /home/leonardo/uni/isw2/SyncopeNoTest/common/am/rest-api/src/main/java/org/apache/syncope/common/rest/api/beans/MfaTrustedDeviceQuery.java:103: warning: no comment
[[1;33mWARNING[m] public void setExpirationDate(final OffsetDateTime expirationDate) {
[[1;33mWARNING[m] ^
[[1;33mWARNING[m] /home/leonardo/uni/isw2/SyncopeNoTest/common/am/rest-api/src/main/java/org/apache/syncope/common/rest/api/beans/MfaTrustedDeviceQuery.java:81: warning: no comment
[[1;33mWARNING[m] public void setId(final Long id) {
[[1;33mWARNING[m] ^
[[1;33mWARNING[m] /home/leonardo/uni/isw2/SyncopeNoTest/common/am/rest-api/src/main/java/org/apache/syncope/common/rest/api/beans/MfaTrustedDeviceQuery.java:125: warning: no comment
[[1;33mWARNING[m] public void setPrincipal(final String principal) {
[[1;33mWARNING[m] ^
[[1;33mWARNING[m] /home/leonardo/uni/isw2/SyncopeNoTest/common/am/rest-api/src/main/java/org/apache/syncope/common/rest/api/beans/MfaTrustedDeviceQuery.java:114: warning: no comment
[[1;33mWARNING[m] public void setRecordDate(final OffsetDateTime recordDate) {
[[1;33mWARNING[m] ^
[[1;33mWARNING[m] /home/leonardo/uni/isw2/SyncopeNoTest/common/am/rest-api/src/main/java/org/apache/syncope/common/rest/api/beans/MfaTrustedDeviceQuery.java:92: warning: no comment
[[1;33mWARNING[m] public void setRecordKey(final String recordKey) {
[[1;33mWARNING[m] ^
[[1;33mWARNING[m] /home/leonardo/uni/isw2/SyncopeNoTest/common/am/rest-api/src/main/java/org/apache/syncope/common/rest/api/beans/MfaTrustedDeviceQuery.java:31: warning: use of default constructor, which does not provide a comment
[[1;33mWARNING[m] public static class Builder extends AbstractQuery.Builder<MfaTrustedDeviceQuery, MfaTrustedDeviceQuery.Builder> {
[[1;33mWARNING[m] ^
[[1;33mWARNING[m] /home/leonardo/uni/isw2/SyncopeNoTest/common/am/rest-api/src/main/java/org/apache/syncope/common/rest/api/beans/MfaTrustedDeviceQuery.java:53: warning: no comment
[[1;33mWARNING[m] public MfaTrustedDeviceQuery.Builder expirationDate(final OffsetDateTime date) {
[[1;33mWARNING[m] ^
[[1;33mWARNING[m] /home/leonardo/uni/isw2/SyncopeNoTest/common/am/rest-api/src/main/java/org/apache/syncope/common/rest/api/beans/MfaTrustedDeviceQuery.java:38: warning: no comment
[[1;33mWARNING[m] public MfaTrustedDeviceQuery.Builder id(final Long id) {
[[1;33mWARNING[m] ^
[[1;33mWARNING[m] /home/leonardo/uni/isw2/SyncopeNoTest/common/am/rest-api/src/main/java/org/apache/syncope/common/rest/api/beans/MfaTrustedDeviceQuery.java:48: warning: no comment
[[1;33mWARNING[m] public MfaTrustedDeviceQuery.Builder principal(final String principal) {
[[1;33mWARNING[m] ^
[[1;33mWARNING[m] /home/leonardo/uni/isw2/SyncopeNoTest/common/am/rest-api/src/main/java/org/apache/syncope/common/rest/api/beans/MfaTrustedDeviceQuery.java:58: warning: no comment
[[1;33mWARNING[m] public MfaTrustedDeviceQuery.Builder recordDate(final OffsetDateTime date) {
[[1;33mWARNING[m] ^
[[1;33mWARNING[m] /home/leonardo/uni/isw2/SyncopeNoTest/common/am/rest-api/src/main/java/org/apache/syncope/common/rest/api/beans/MfaTrustedDeviceQuery.java:43: warning: no comment
[[1;33mWARNING[m] public MfaTrustedDeviceQuery.Builder recordKey(final String recordKey) {
[[1;33mWARNING[m] ^
[[1;33mWARNING[m] /home/leonardo/uni/isw2/SyncopeNoTest/common/am/rest-api/src/main/java/org/apache/syncope/common/rest/api/service/wa/MfaTrustStorageService.java:44: warning: no comment
[[1;33mWARNING[m] public interface MfaTrustStorageService extends JAXRSService {
[[1;33mWARNING[m] ^
[[1;33mWARNING[m] /home/leonardo/uni/isw2/SyncopeNoTest/common/am/rest-api/src/main/java/org/apache/syncope/common/rest/api/service/wa/MfaTrustStorageService.java:55: warning: no comment
[[1;33mWARNING[m] void create(@NotNull @PathParam("principal") String principal, @NotNull MfaTrustedDevice device);
[[1;33mWARNING[m] ^
[[1;33mWARNING[m] /home/leonardo/uni/isw2/SyncopeNoTest/common/am/rest-api/src/main/java/org/apache/syncope/common/rest/api/service/wa/MfaTrustStorageService.java:60: warning: no comment
[[1;33mWARNING[m] void delete(@BeanParam MfaTrustedDeviceQuery query);
[[1;33mWARNING[m] ^
[[1;33mWARNING[m] /home/leonardo/uni/isw2/SyncopeNoTest/common/am/rest-api/src/main/java/org/apache/syncope/common/rest/api/service/wa/MfaTrustStorageService.java:49: warning: no comment
[[1;33mWARNING[m] PagedResult<MfaTrustedDevice> search(@BeanParam MfaTrustedDeviceQuery query);
[[1;33mWARNING[m] ^
[[1;33mWARNING[m] /home/leonardo/uni/isw2/SyncopeNoTest/common/am/rest-api/src/main/java/org/apache/syncope/common/rest/api/service/OIDCOpEntityService.java:48: warning: no comment
[[1;33mWARNING[m] public interface OIDCOpEntityService extends JAXRSService {
[[1;33mWARNING[m] ^
[[1;33mWARNING[m] /home/leonardo/uni/isw2/SyncopeNoTest/common/am/rest-api/src/main/java/org/apache/syncope/common/rest/api/service/OIDCOpEntityService.java:80: warning: no comment
[[1;33mWARNING[m] void delete();
[[1;33mWARNING[m] ^
[[1;33mWARNING[m] /home/leonardo/uni/isw2/SyncopeNoTest/common/am/rest-api/src/main/java/org/apache/syncope/common/rest/api/service/OIDCOpEntityService.java:72: warning: no comment
[[1;33mWARNING[m] Response generate(
[[1;33mWARNING[m] ^
[[1;33mWARNING[m] /home/leonardo/uni/isw2/SyncopeNoTest/common/am/rest-api/src/main/java/org/apache/syncope/common/rest/api/service/OIDCOpEntityService.java:52: warning: no comment
[[1;33mWARNING[m] OIDCOpEntityTO get();
[[1;33mWARNING[m] ^
[[1;33mWARNING[m] /home/leonardo/uni/isw2/SyncopeNoTest/common/am/rest-api/src/main/java/org/apache/syncope/common/rest/api/service/OIDCOpEntityService.java:59: warning: no comment
[[1;33mWARNING[m] void set(@NotNull OIDCOpEntityTO oidcOpEntityTO);
[[1;33mWARNING[m] ^
[[1;33mWARNING[m] /home/leonardo/uni/isw2/SyncopeNoTest/common/am/rest-api/src/main/java/org/apache/syncope/common/rest/api/service/SAML2IdPEntityService.java:49: warning: no comment
[[1;33mWARNING[m] String DEFAULT_OWNER = "Syncope";
[[1;33mWARNING[m] ^
[[1;33mWARNING[m] /home/leonardo/uni/isw2/SyncopeNoTest/common/am/rest-api/src/main/java/org/apache/syncope/common/rest/api/service/wa/WAConfigService.java:54: warning: no comment
[[1;33mWARNING[m] enum PushSubject {
[[1;33mWARNING[m] ^
[[1;33mWARNING[m] /home/leonardo/uni/isw2/SyncopeNoTest/common/am/rest-api/src/main/java/org/apache/syncope/common/rest/api/service/wa/WAConfigService.java:63: warning: no comment
[[1;33mWARNING[m] List<Attr> list();
[[1;33mWARNING[m] ^
[[1;33mWARNING[m] /home/leonardo/uni/isw2/SyncopeNoTest/common/am/rest-api/src/main/java/org/apache/syncope/common/rest/api/service/wa/WAConfigService.java:55: warning: no comment
[[1;33mWARNING[m] clientApps,
[[1;33mWARNING[m] ^
[[1;33mWARNING[m] /home/leonardo/uni/isw2/SyncopeNoTest/common/am/rest-api/src/main/java/org/apache/syncope/common/rest/api/service/wa/WAConfigService.java:56: warning: no comment
[[1;33mWARNING[m] conf
[[1;33mWARNING[m] ^
[[1;33mWARNING[m] /home/leonardo/uni/isw2/SyncopeNoTest/common/am/rest-api/src/main/java/org/apache/syncope/common/rest/api/service/wa/WASAML2SPService.java:45: warning: no comment
[[1;33mWARNING[m] Response getSAML2SPKeystore(@NotNull @PathParam("clientName") String clientName);
[[1;33mWARNING[m] ^
[[1;33mWARNING[m] /home/leonardo/uni/isw2/SyncopeNoTest/common/am/rest-api/src/main/java/org/apache/syncope/common/rest/api/service/wa/WASAML2SPService.java:53: warning: no comment
[[1;33mWARNING[m] Response getSAML2SPMetadata(@NotNull @PathParam("clientName") String clientName);
[[1;33mWARNING[m] ^
[[1;33mWARNING[m] /home/leonardo/uni/isw2/SyncopeNoTest/common/am/rest-api/src/main/java/org/apache/syncope/common/rest/api/service/wa/WASAML2SPService.java:49: warning: no comment
[[1;33mWARNING[m] void setSAML2SPKeystore(@NotNull @PathParam("clientName") String clientName, InputStream keystore);
[[1;33mWARNING[m] ^
[[1;33mWARNING[m] /home/leonardo/uni/isw2/SyncopeNoTest/common/am/rest-api/src/main/java/org/apache/syncope/common/rest/api/service/wa/WASAML2SPService.java:57: warning: no comment
[[1;33mWARNING[m] void setSAML2SPMetadata(@NotNull @PathParam("clientName") String clientName, InputStream metadata);
[[1;33mWARNING[m] ^
[[1;33mWARNING[m] /home/leonardo/uni/isw2/SyncopeNoTest/common/am/rest-api/src/main/java/org/apache/syncope/common/rest/api/service/wa/WebAuthnRegistrationService.java:43: warning: no comment
[[1;33mWARNING[m] public interface WebAuthnRegistrationService extends JAXRSService {
[[1;33mWARNING[m] ^
[[1;33mWARNING[m] /home/leonardo/uni/isw2/SyncopeNoTest/common/am/rest-api/src/main/java/org/apache/syncope/common/rest/api/service/wa/WebAuthnRegistrationService.java:72: warning: no comment
[[1;33mWARNING[m] void create(@NotNull @PathParam("owner") String owner, @NotNull WebAuthnAccount account);
[[1;33mWARNING[m] ^
[[1;33mWARNING[m] /home/leonardo/uni/isw2/SyncopeNoTest/common/am/rest-api/src/main/java/org/apache/syncope/common/rest/api/service/wa/WebAuthnRegistrationService.java:60: warning: no comment
[[1;33mWARNING[m] void delete(@NotNull @PathParam("owner") String owner);
[[1;33mWARNING[m] ^
[[1;33mWARNING[m] /home/leonardo/uni/isw2/SyncopeNoTest/common/am/rest-api/src/main/java/org/apache/syncope/common/rest/api/service/wa/WebAuthnRegistrationService.java:66: warning: no comment
[[1;33mWARNING[m] void delete(@NotNull @PathParam("owner") String owner, @NotNull @PathParam("credentialId") String credentialId);
[[1;33mWARNING[m] ^
[[1;33mWARNING[m] /home/leonardo/uni/isw2/SyncopeNoTest/common/am/rest-api/src/main/java/org/apache/syncope/common/rest/api/service/wa/WebAuthnRegistrationService.java:48: warning: no comment
[[1;33mWARNING[m] List<WebAuthnAccount> list();
[[1;33mWARNING[m] ^
[[1;33mWARNING[m] /home/leonardo/uni/isw2/SyncopeNoTest/common/am/rest-api/src/main/java/org/apache/syncope/common/rest/api/service/wa/WebAuthnRegistrationService.java:54: warning: no comment
[[1;33mWARNING[m] WebAuthnAccount read(@NotNull @PathParam("owner") String owner);
[[1;33mWARNING[m] ^
[[1;33mWARNING[m] /home/leonardo/uni/isw2/SyncopeNoTest/common/am/rest-api/src/main/java/org/apache/syncope/common/rest/api/service/wa/WebAuthnRegistrationService.java:78: warning: no comment
[[1;33mWARNING[m] void update(@NotNull @PathParam("owner") String owner, @NotNull WebAuthnAccount account);
[[1;33mWARNING[m] ^
[[1;33mWARNING[m] /home/leonardo/uni/isw2/SyncopeNoTest/common/am/rest-api/src/main/java/org/apache/syncope/common/rest/api/beans/AuthProfileQuery.java:43: warning: no comment
[[1;33mWARNING[m] private String keyword;
[[1;33mWARNING[m] ^
[[1;33mWARNING[m] /home/leonardo/uni/isw2/SyncopeNoTest/common/am/rest-api/src/main/java/org/apache/syncope/common/rest/api/beans/MfaTrustedDeviceQuery.java:68: warning: no comment
[[1;33mWARNING[m] private OffsetDateTime expirationDate;
[[1;33mWARNING[m] ^
[[1;33mWARNING[m] /home/leonardo/uni/isw2/SyncopeNoTest/common/am/rest-api/src/main/java/org/apache/syncope/common/rest/api/beans/MfaTrustedDeviceQuery.java:64: warning: no comment
[[1;33mWARNING[m] private Long id;
[[1;33mWARNING[m] ^
[[1;33mWARNING[m] /home/leonardo/uni/isw2/SyncopeNoTest/common/am/rest-api/src/main/java/org/apache/syncope/common/rest/api/beans/MfaTrustedDeviceQuery.java:72: warning: no comment
[[1;33mWARNING[m] private String principal;
[[1;33mWARNING[m] ^
[[1;33mWARNING[m] /home/leonardo/uni/isw2/SyncopeNoTest/common/am/rest-api/src/main/java/org/apache/syncope/common/rest/api/beans/MfaTrustedDeviceQuery.java:70: warning: no comment
[[1;33mWARNING[m] private OffsetDateTime recordDate;
[[1;33mWARNING[m] ^
[[1;33mWARNING[m] /home/leonardo/uni/isw2/SyncopeNoTest/common/am/rest-api/src/main/java/org/apache/syncope/common/rest/api/beans/MfaTrustedDeviceQuery.java:66: warning: no comment
[[1;33mWARNING[m] private String recordKey;
[[1;33mWARNING[m] ^
[[1;33mWARNING[m] 79 warnings
[[1;34mINFO[m] Building jar: /home/leonardo/uni/isw2/SyncopeNoTest/common/am/rest-api/target/syncope-common-am-rest-api-5.0.0-SNAPSHOT-javadoc.jar
[[1;34mINFO[m] 
[[1;34mINFO[m] [1m--- [0;32mmodernizer:3.3.0:modernizer[m [1m(modernizer-check)[m @ [36msyncope-common-am-rest-api[0;1m ---[m
[[1;34mINFO[m] Skipping modernizer execution!
[[1;34mINFO[m] 
[[1;34mINFO[m] [1m--- [0;32mapache-rat:0.16.1:check[m [1m(rat-check)[m @ [36msyncope-common-am-rest-api[0;1m ---[m
[[1;34mINFO[m] RAT will not execute since it is configured to be skipped via system property 'rat.skip'.
[[1;34mINFO[m] 
[[1;34mINFO[m] [1m--- [0;32mtools:1.4:verify-legal-files[m [1m(verify-legal-files)[m @ [36msyncope-common-am-rest-api[0;1m ---[m
[[1;34mINFO[m] Checking legal files in: syncope-common-am-rest-api-5.0.0-SNAPSHOT.jar
[[1;34mINFO[m] Checking legal files in: syncope-common-am-rest-api-5.0.0-SNAPSHOT-javadoc.jar
[[1;34mINFO[m] 
[[1;34mINFO[m] [1m------------------< [0;36morg.apache.syncope:syncope-core[0;1m >-------------------[m
[[1;34mINFO[m] [1mBuilding Apache Syncope Core 5.0.0-SNAPSHOT                      [14/22][m
[[1;34mINFO[m]   from core/pom.xml
[[1;34mINFO[m] [1m--------------------------------[ pom ]---------------------------------[m
[[1;34mINFO[m] Cache is DISABLED on project level for org.apache.syncope:syncope-core
[[1;34mINFO[m] 
[[1;34mINFO[m] [1m--- [0;32menforcer:3.6.2:enforce[m [1m(enforce-maven-version)[m @ [36msyncope-core[0;1m ---[m
[[1;34mINFO[m] 
[[1;34mINFO[m] [1m--- [0;32menforcer:3.6.2:enforce[m [1m(enforce-java-version)[m @ [36msyncope-core[0;1m ---[m
[[1;34mINFO[m] 
[[1;34mINFO[m] [1m--- [0;32menforcer:3.6.2:enforce[m [1m(default-cli)[m @ [36msyncope-core[0;1m ---[m
[[1;34mINFO[m] 
[[1;34mINFO[m] [1m--- [0;32mjacoco:0.8.14:prepare-agent[m [1m(prepare-jacoco-agent)[m @ [36msyncope-core[0;1m ---[m
[[1;34mINFO[m] argLine set to -javaagent:/home/leonardo/.m2/repository/org/jacoco/org.jacoco.agent/0.8.14/org.jacoco.agent-0.8.14-runtime.jar=destfile=/home/leonardo/uni/isw2/SyncopeNoTest/core/target/jacoco.exec -Xms512m -Xmx1024m -Xss256k
[[1;34mINFO[m] 
[[1;34mINFO[m] [1m--- [0;32mgplus:4.3.1:execute[m [1m(default)[m @ [36msyncope-core[0;1m ---[m
[[1;34mINFO[m] Using plugin classloader, includes GMavenPlus and project classpath.
[[1;34mINFO[m] Using Groovy 5.0.5 to perform execute.
[[1;34mINFO[m] 
[[1;34mINFO[m] [1m--- [0;32mremote-resources:3.3.0:process[m [1m(process-resource-bundles)[m @ [36msyncope-core[0;1m ---[m
[[1;34mINFO[m] Skipping remote resources execution.
[[1;34mINFO[m] 
[[1;34mINFO[m] [1m--- [0;32mresources:3.5.0:copy-resources[m [1m(copy-artifact-legal-files)[m @ [36msyncope-core[0;1m ---[m
[[1;34mINFO[m] Copying 2 resources from .. to target/classes/META-INF
[[1;34mINFO[m] 
[[1;34mINFO[m] [1m--- [0;32mresources:3.5.0:copy-resources[m [1m(copy-javadoc-legal-files)[m @ [36msyncope-core[0;1m ---[m
[[1;34mINFO[m] Copying 2 resources from .. to target/reports/apidocs/META-INF
[[1;34mINFO[m] 
[[1;34mINFO[m] [1m--- [0;32mjacoco:0.8.14:report[m [1m(generate-code-coverage-report)[m @ [36msyncope-core[0;1m ---[m
[[1;34mINFO[m] Skipping JaCoCo execution due to missing execution data file.
[[1;34mINFO[m] 
[[1;34mINFO[m] [1m--- [0;32mmodernizer:3.3.0:modernizer[m [1m(modernizer-check)[m @ [36msyncope-core[0;1m ---[m
[[1;34mINFO[m] Skipping modernizer execution!
[[1;34mINFO[m] 
[[1;34mINFO[m] [1m--- [0;32mapache-rat:0.16.1:check[m [1m(rat-check)[m @ [36msyncope-core[0;1m ---[m
[[1;34mINFO[m] RAT will not execute since it is configured to be skipped via system property 'rat.skip'.
[[1;34mINFO[m] 
[[1;34mINFO[m] [1m--- [0;32mtools:1.4:verify-legal-files[m [1m(verify-legal-files)[m @ [36msyncope-core[0;1m ---[m
[[1;34mINFO[m] 
[[1;34mINFO[m] [1m--------< [0;36morg.apache.syncope.core:syncope-core-persistence-api[0;1m >--------[m
[[1;34mINFO[m] [1mBuilding Apache Syncope Core Persistence API 5.0.0-SNAPSHOT      [15/22][m
[[1;34mINFO[m]   from core/persistence-api/pom.xml
[[1;34mINFO[m] [1m--------------------------------[ jar ]---------------------------------[m
[[1;34mINFO[m] Cache is DISABLED on project level for org.apache.syncope.core:syncope-core-persistence-api
[[1;34mINFO[m] 
[[1;34mINFO[m] [1m--- [0;32menforcer:3.6.2:enforce[m [1m(enforce-maven-version)[m @ [36msyncope-core-persistence-api[0;1m ---[m
[[1;34mINFO[m] 
[[1;34mINFO[m] [1m--- [0;32menforcer:3.6.2:enforce[m [1m(enforce-java-version)[m @ [36msyncope-core-persistence-api[0;1m ---[m
[[1;34mINFO[m] 
[[1;34mINFO[m] [1m--- [0;32menforcer:3.6.2:enforce[m [1m(default-cli)[m @ [36msyncope-core-persistence-api[0;1m ---[m
[[1;34mINFO[m] 
[[1;34mINFO[m] [1m--- [0;32mjacoco:0.8.14:prepare-agent[m [1m(prepare-jacoco-agent)[m @ [36msyncope-core-persistence-api[0;1m ---[m
[[1;34mINFO[m] argLine set to -javaagent:/home/leonardo/.m2/repository/org/jacoco/org.jacoco.agent/0.8.14/org.jacoco.agent-0.8.14-runtime.jar=destfile=/home/leonardo/uni/isw2/SyncopeNoTest/core/persistence-api/target/jacoco.exec -Xms512m -Xmx1024m -Xss256k
[[1;34mINFO[m] 
[[1;34mINFO[m] [1m--- [0;32mgplus:4.3.1:execute[m [1m(default)[m @ [36msyncope-core-persistence-api[0;1m ---[m
[[1;34mINFO[m] Using plugin classloader, includes GMavenPlus and project classpath.
[[1;34mINFO[m] Using Groovy 5.0.5 to perform execute.
[[1;34mINFO[m] 
[[1;34mINFO[m] [1m--- [0;32mremote-resources:3.3.0:process[m [1m(process-resource-bundles)[m @ [36msyncope-core-persistence-api[0;1m ---[m
[[1;34mINFO[m] Skipping remote resources execution.
[[1;34mINFO[m] 
[[1;34mINFO[m] [1m--- [0;32mresources:3.5.0:resources[m [1m(default-resources)[m @ [36msyncope-core-persistence-api[0;1m ---[m
[[1;34mINFO[m] skip non existing resourceDirectory /home/leonardo/uni/isw2/SyncopeNoTest/core/persistence-api/src/main/resources
[[1;34mINFO[m] 
[[1;34mINFO[m] [1m--- [0;32mresources:3.5.0:copy-resources[m [1m(copy-artifact-legal-files)[m @ [36msyncope-core-persistence-api[0;1m ---[m
[[1;34mINFO[m] Copying 2 resources from ../.. to target/classes/META-INF
[[1;34mINFO[m] 
[[1;34mINFO[m] [1m--- [0;32mresources:3.5.0:copy-resources[m [1m(copy-javadoc-legal-files)[m @ [36msyncope-core-persistence-api[0;1m ---[m
[[1;34mINFO[m] Copying 2 resources from ../.. to target/reports/apidocs/META-INF
[[1;34mINFO[m] 
[[1;34mINFO[m] [1m--- [0;32mcompiler:3.15.0:compile[m [1m(default-compile)[m @ [36msyncope-core-persistence-api[0;1m ---[m
[[1;34mINFO[m] Nothing to compile - all classes are up to date.
[[1;34mINFO[m] 
[[1;34mINFO[m] [1m--- [0;32mresources:3.5.0:testResources[m [1m(default-testResources)[m @ [36msyncope-core-persistence-api[0;1m ---[m
[[1;34mINFO[m] skip non existing resourceDirectory /home/leonardo/uni/isw2/SyncopeNoTest/core/persistence-api/src/test/resources
[[1;34mINFO[m] 
[[1;34mINFO[m] [1m--- [0;32mcompiler:3.15.0:testCompile[m [1m(default-testCompile)[m @ [36msyncope-core-persistence-api[0;1m ---[m
[[1;34mINFO[m] No sources to compile
[[1;34mINFO[m] 
[[1;34mINFO[m] [1m--- [0;32msurefire:3.5.5:test[m [1m(default-test)[m @ [36msyncope-core-persistence-api[0;1m ---[m
[[1;34mINFO[m] No tests to run.
[[1;34mINFO[m] 
[[1;34mINFO[m] [1m--- [0;32mjacoco:0.8.14:report[m [1m(generate-code-coverage-report)[m @ [36msyncope-core-persistence-api[0;1m ---[m
[[1;34mINFO[m] Skipping JaCoCo execution due to missing execution data file.
[[1;34mINFO[m] 
[[1;34mINFO[m] [1m--- [0;32mjar:3.5.0:jar[m [1m(default-jar)[m @ [36msyncope-core-persistence-api[0;1m ---[m
[[1;34mINFO[m] Building jar: /home/leonardo/uni/isw2/SyncopeNoTest/core/persistence-api/target/syncope-core-persistence-api-5.0.0-SNAPSHOT.jar
[[1;34mINFO[m] 
[[1;34mINFO[m] [1m--- [0;32mmodernizer:3.3.0:modernizer[m [1m(modernizer-check)[m @ [36msyncope-core-persistence-api[0;1m ---[m
[[1;34mINFO[m] Skipping modernizer execution!
[[1;34mINFO[m] 
[[1;34mINFO[m] [1m--- [0;32mapache-rat:0.16.1:check[m [1m(rat-check)[m @ [36msyncope-core-persistence-api[0;1m ---[m
[[1;34mINFO[m] RAT will not execute since it is configured to be skipped via system property 'rat.skip'.
[[1;34mINFO[m] 
[[1;34mINFO[m] [1m--- [0;32mtools:1.4:verify-legal-files[m [1m(verify-legal-files)[m @ [36msyncope-core-persistence-api[0;1m ---[m
[[1;34mINFO[m] Checking legal files in: syncope-core-persistence-api-5.0.0-SNAPSHOT.jar
[[1;34mINFO[m] 
[[1;34mINFO[m] [1m-------< [0;36morg.apache.syncope.core:syncope-core-provisioning-api[0;1m >--------[m
[[1;34mINFO[m] [1mBuilding Apache Syncope Core Provisioning API 5.0.0-SNAPSHOT     [16/22][m
[[1;34mINFO[m]   from core/provisioning-api/pom.xml
[[1;34mINFO[m] [1m--------------------------------[ jar ]---------------------------------[m
[[1;34mINFO[m] Cache is DISABLED on project level for org.apache.syncope.core:syncope-core-provisioning-api
[[1;34mINFO[m] 
[[1;34mINFO[m] [1m--- [0;32menforcer:3.6.2:enforce[m [1m(enforce-maven-version)[m @ [36msyncope-core-provisioning-api[0;1m ---[m
[[1;34mINFO[m] 
[[1;34mINFO[m] [1m--- [0;32menforcer:3.6.2:enforce[m [1m(enforce-java-version)[m @ [36msyncope-core-provisioning-api[0;1m ---[m
[[1;34mINFO[m] 
[[1;34mINFO[m] [1m--- [0;32menforcer:3.6.2:enforce[m [1m(default-cli)[m @ [36msyncope-core-provisioning-api[0;1m ---[m
[[1;34mINFO[m] 
[[1;34mINFO[m] [1m--- [0;32mjacoco:0.8.14:prepare-agent[m [1m(prepare-jacoco-agent)[m @ [36msyncope-core-provisioning-api[0;1m ---[m
[[1;34mINFO[m] argLine set to -javaagent:/home/leonardo/.m2/repository/org/jacoco/org.jacoco.agent/0.8.14/org.jacoco.agent-0.8.14-runtime.jar=destfile=/home/leonardo/uni/isw2/SyncopeNoTest/core/provisioning-api/target/jacoco.exec -Xms512m -Xmx1024m -Xss256k
[[1;34mINFO[m] 
[[1;34mINFO[m] [1m--- [0;32mgplus:4.3.1:execute[m [1m(default)[m @ [36msyncope-core-provisioning-api[0;1m ---[m
[[1;34mINFO[m] Using plugin classloader, includes GMavenPlus and project classpath.
[[1;34mINFO[m] Using Groovy 5.0.5 to perform execute.
[[1;34mINFO[m] 
[[1;34mINFO[m] [1m--- [0;32mremote-resources:3.3.0:process[m [1m(process-resource-bundles)[m @ [36msyncope-core-provisioning-api[0;1m ---[m
[[1;34mINFO[m] Skipping remote resources execution.
[[1;34mINFO[m] 
[[1;34mINFO[m] [1m--- [0;32mresources:3.5.0:resources[m [1m(default-resources)[m @ [36msyncope-core-provisioning-api[0;1m ---[m
[[1;34mINFO[m] skip non existing resourceDirectory /home/leonardo/uni/isw2/SyncopeNoTest/core/provisioning-api/src/main/resources
[[1;34mINFO[m] 
[[1;34mINFO[m] [1m--- [0;32mresources:3.5.0:copy-resources[m [1m(copy-artifact-legal-files)[m @ [36msyncope-core-provisioning-api[0;1m ---[m
[[1;34mINFO[m] Copying 2 resources from ../.. to target/classes/META-INF
[[1;34mINFO[m] 
[[1;34mINFO[m] [1m--- [0;32mresources:3.5.0:copy-resources[m [1m(copy-javadoc-legal-files)[m @ [36msyncope-core-provisioning-api[0;1m ---[m
[[1;34mINFO[m] Copying 2 resources from ../.. to target/reports/apidocs/META-INF
[[1;34mINFO[m] 
[[1;34mINFO[m] [1m--- [0;32mcompiler:3.15.0:compile[m [1m(default-compile)[m @ [36msyncope-core-provisioning-api[0;1m ---[m
[[1;34mINFO[m] Nothing to compile - all classes are up to date.
[[1;34mINFO[m] 
[[1;34mINFO[m] [1m--- [0;32mresources:3.5.0:testResources[m [1m(default-testResources)[m @ [36msyncope-core-provisioning-api[0;1m ---[m
[[1;34mINFO[m] skip non existing resourceDirectory /home/leonardo/uni/isw2/SyncopeNoTest/core/provisioning-api/src/test/resources
[[1;34mINFO[m] 
[[1;34mINFO[m] [1m--- [0;32mcompiler:3.15.0:testCompile[m [1m(default-testCompile)[m @ [36msyncope-core-provisioning-api[0;1m ---[m
[[1;34mINFO[m] No sources to compile
[[1;34mINFO[m] 
[[1;34mINFO[m] [1m--- [0;32msurefire:3.5.5:test[m [1m(default-test)[m @ [36msyncope-core-provisioning-api[0;1m ---[m
[[1;34mINFO[m] No tests to run.
[[1;34mINFO[m] 
[[1;34mINFO[m] [1m--- [0;32mjacoco:0.8.14:report[m [1m(generate-code-coverage-report)[m @ [36msyncope-core-provisioning-api[0;1m ---[m
[[1;34mINFO[m] Skipping JaCoCo execution due to missing execution data file.
[[1;34mINFO[m] 
[[1;34mINFO[m] [1m--- [0;32mjar:3.5.0:jar[m [1m(default-jar)[m @ [36msyncope-core-provisioning-api[0;1m ---[m
[[1;34mINFO[m] Building jar: /home/leonardo/uni/isw2/SyncopeNoTest/core/provisioning-api/target/syncope-core-provisioning-api-5.0.0-SNAPSHOT.jar
[[1;34mINFO[m] 
[[1;34mINFO[m] [1m--- [0;32mmodernizer:3.3.0:modernizer[m [1m(modernizer-check)[m @ [36msyncope-core-provisioning-api[0;1m ---[m
[[1;34mINFO[m] Skipping modernizer execution!
[[1;34mINFO[m] 
[[1;34mINFO[m] [1m--- [0;32mapache-rat:0.16.1:check[m [1m(rat-check)[m @ [36msyncope-core-provisioning-api[0;1m ---[m
[[1;34mINFO[m] RAT will not execute since it is configured to be skipped via system property 'rat.skip'.
[[1;34mINFO[m] 
[[1;34mINFO[m] [1m--- [0;32mtools:1.4:verify-legal-files[m [1m(verify-legal-files)[m @ [36msyncope-core-provisioning-api[0;1m ---[m
[[1;34mINFO[m] Checking legal files in: syncope-core-provisioning-api-5.0.0-SNAPSHOT.jar
[[1;34mINFO[m] 
[[1;34mINFO[m] [1m---------< [0;36morg.apache.syncope.core:syncope-core-workflow-api[0;1m >----------[m
[[1;34mINFO[m] [1mBuilding Apache Syncope Core Workflow API 5.0.0-SNAPSHOT         [17/22][m
[[1;34mINFO[m]   from core/workflow-api/pom.xml
[[1;34mINFO[m] [1m--------------------------------[ jar ]---------------------------------[m
[[1;34mINFO[m] Cache is DISABLED on project level for org.apache.syncope.core:syncope-core-workflow-api
[[1;34mINFO[m] 
[[1;34mINFO[m] [1m--- [0;32menforcer:3.6.2:enforce[m [1m(enforce-maven-version)[m @ [36msyncope-core-workflow-api[0;1m ---[m
[[1;34mINFO[m] 
[[1;34mINFO[m] [1m--- [0;32menforcer:3.6.2:enforce[m [1m(enforce-java-version)[m @ [36msyncope-core-workflow-api[0;1m ---[m
[[1;34mINFO[m] 
[[1;34mINFO[m] [1m--- [0;32menforcer:3.6.2:enforce[m [1m(default-cli)[m @ [36msyncope-core-workflow-api[0;1m ---[m
[[1;34mINFO[m] 
[[1;34mINFO[m] [1m--- [0;32mjacoco:0.8.14:prepare-agent[m [1m(prepare-jacoco-agent)[m @ [36msyncope-core-workflow-api[0;1m ---[m
[[1;34mINFO[m] argLine set to -javaagent:/home/leonardo/.m2/repository/org/jacoco/org.jacoco.agent/0.8.14/org.jacoco.agent-0.8.14-runtime.jar=destfile=/home/leonardo/uni/isw2/SyncopeNoTest/core/workflow-api/target/jacoco.exec -Xms512m -Xmx1024m -Xss256k
[[1;34mINFO[m] 
[[1;34mINFO[m] [1m--- [0;32mgplus:4.3.1:execute[m [1m(default)[m @ [36msyncope-core-workflow-api[0;1m ---[m
[[1;34mINFO[m] Using plugin classloader, includes GMavenPlus and project classpath.
[[1;34mINFO[m] Using Groovy 5.0.5 to perform execute.
[[1;34mINFO[m] 
[[1;34mINFO[m] [1m--- [0;32mremote-resources:3.3.0:process[m [1m(process-resource-bundles)[m @ [36msyncope-core-workflow-api[0;1m ---[m
[[1;34mINFO[m] Skipping remote resources execution.
[[1;34mINFO[m] 
[[1;34mINFO[m] [1m--- [0;32mresources:3.5.0:resources[m [1m(default-resources)[m @ [36msyncope-core-workflow-api[0;1m ---[m
[[1;34mINFO[m] skip non existing resourceDirectory /home/leonardo/uni/isw2/SyncopeNoTest/core/workflow-api/src/main/resources
[[1;34mINFO[m] 
[[1;34mINFO[m] [1m--- [0;32mresources:3.5.0:copy-resources[m [1m(copy-artifact-legal-files)[m @ [36msyncope-core-workflow-api[0;1m ---[m
[[1;34mINFO[m] Copying 2 resources from ../.. to target/classes/META-INF
[[1;34mINFO[m] 
[[1;34mINFO[m] [1m--- [0;32mresources:3.5.0:copy-resources[m [1m(copy-javadoc-legal-files)[m @ [36msyncope-core-workflow-api[0;1m ---[m
[[1;34mINFO[m] Copying 2 resources from ../.. to target/reports/apidocs/META-INF
[[1;34mINFO[m] 
[[1;34mINFO[m] [1m--- [0;32mcompiler:3.15.0:compile[m [1m(default-compile)[m @ [36msyncope-core-workflow-api[0;1m ---[m
[[1;34mINFO[m] Nothing to compile - all classes are up to date.
[[1;34mINFO[m] 
[[1;34mINFO[m] [1m--- [0;32mresources:3.5.0:testResources[m [1m(default-testResources)[m @ [36msyncope-core-workflow-api[0;1m ---[m
[[1;34mINFO[m] skip non existing resourceDirectory /home/leonardo/uni/isw2/SyncopeNoTest/core/workflow-api/src/test/resources
[[1;34mINFO[m] 
[[1;34mINFO[m] [1m--- [0;32mcompiler:3.15.0:testCompile[m [1m(default-testCompile)[m @ [36msyncope-core-workflow-api[0;1m ---[m
[[1;34mINFO[m] No sources to compile
[[1;34mINFO[m] 
[[1;34mINFO[m] [1m--- [0;32msurefire:3.5.5:test[m [1m(default-test)[m @ [36msyncope-core-workflow-api[0;1m ---[m
[[1;34mINFO[m] No tests to run.
[[1;34mINFO[m] 
[[1;34mINFO[m] [1m--- [0;32mjacoco:0.8.14:report[m [1m(generate-code-coverage-report)[m @ [36msyncope-core-workflow-api[0;1m ---[m
[[1;34mINFO[m] Skipping JaCoCo execution due to missing execution data file.
[[1;34mINFO[m] 
[[1;34mINFO[m] [1m--- [0;32mjar:3.5.0:jar[m [1m(default-jar)[m @ [36msyncope-core-workflow-api[0;1m ---[m
[[1;34mINFO[m] Building jar: /home/leonardo/uni/isw2/SyncopeNoTest/core/workflow-api/target/syncope-core-workflow-api-5.0.0-SNAPSHOT.jar
[[1;34mINFO[m] 
[[1;34mINFO[m] [1m--- [0;32mmodernizer:3.3.0:modernizer[m [1m(modernizer-check)[m @ [36msyncope-core-workflow-api[0;1m ---[m
[[1;34mINFO[m] Skipping modernizer execution!
[[1;34mINFO[m] 
[[1;34mINFO[m] [1m--- [0;32mapache-rat:0.16.1:check[m [1m(rat-check)[m @ [36msyncope-core-workflow-api[0;1m ---[m
[[1;34mINFO[m] RAT will not execute since it is configured to be skipped via system property 'rat.skip'.
[[1;34mINFO[m] 
[[1;34mINFO[m] [1m--- [0;32mtools:1.4:verify-legal-files[m [1m(verify-legal-files)[m @ [36msyncope-core-workflow-api[0;1m ---[m
[[1;34mINFO[m] Checking legal files in: syncope-core-workflow-api-5.0.0-SNAPSHOT.jar
[[1;34mINFO[m] 
[[1;34mINFO[m] [1m------------< [0;36morg.apache.syncope.core:syncope-core-spring[0;1m >-------------[m
[[1;34mINFO[m] [1mBuilding Apache Syncope Core Spring 5.0.0-SNAPSHOT               [18/22][m
[[1;34mINFO[m]   from core/spring/pom.xml
[[1;34mINFO[m] [1m--------------------------------[ jar ]---------------------------------[m
[[1;34mINFO[m] Cache is DISABLED on project level for org.apache.syncope.core:syncope-core-spring
[[1;33mWARNING[m] 1 problem was encountered while building the effective model for org.evosuite:evosuite-standalone-runtime:jar:1.0.6 during dependency collection step for project (use -X to see details)
[[1;34mINFO[m] 
[[1;34mINFO[m] [1m--- [0;32menforcer:3.6.2:enforce[m [1m(enforce-maven-version)[m @ [36msyncope-core-spring[0;1m ---[m
[[1;34mINFO[m] 
[[1;34mINFO[m] [1m--- [0;32menforcer:3.6.2:enforce[m [1m(enforce-java-version)[m @ [36msyncope-core-spring[0;1m ---[m
[[1;34mINFO[m] 
[[1;34mINFO[m] [1m--- [0;32menforcer:3.6.2:enforce[m [1m(default-cli)[m @ [36msyncope-core-spring[0;1m ---[m
[[1;34mINFO[m] 
[[1;34mINFO[m] [1m--- [0;32mjacoco:0.8.14:prepare-agent[m [1m(prepare-jacoco-agent)[m @ [36msyncope-core-spring[0;1m ---[m
[[1;34mINFO[m] argLine set to -javaagent:/home/leonardo/.m2/repository/org/jacoco/org.jacoco.agent/0.8.14/org.jacoco.agent-0.8.14-runtime.jar=destfile=/home/leonardo/uni/isw2/SyncopeNoTest/core/spring/target/jacoco.exec -Xms512m -Xmx1024m -Xss256k
[[1;34mINFO[m] 
[[1;34mINFO[m] [1m--- [0;32mgplus:4.3.1:execute[m [1m(default)[m @ [36msyncope-core-spring[0;1m ---[m
[[1;34mINFO[m] Using plugin classloader, includes GMavenPlus and project classpath.
[[1;34mINFO[m] Using Groovy 5.0.5 to perform execute.
[[1;34mINFO[m] 
[[1;34mINFO[m] [1m--- [0;32mremote-resources:3.3.0:process[m [1m(process-resource-bundles)[m @ [36msyncope-core-spring[0;1m ---[m
[[1;34mINFO[m] Skipping remote resources execution.
[[1;34mINFO[m] 
[[1;34mINFO[m] [1m--- [0;32mresources:3.5.0:resources[m [1m(default-resources)[m @ [36msyncope-core-spring[0;1m ---[m
[[1;34mINFO[m] Copying 0 resource from src/main/resources to target/classes
[[1;34mINFO[m] Copying 2 resources from src/main/resources to target/classes
[[1;34mINFO[m] 
[[1;34mINFO[m] [1m--- [0;32mresources:3.5.0:copy-resources[m [1m(copy-artifact-legal-files)[m @ [36msyncope-core-spring[0;1m ---[m
[[1;34mINFO[m] Copying 2 resources from ../.. to target/classes/META-INF
[[1;34mINFO[m] 
[[1;34mINFO[m] [1m--- [0;32mresources:3.5.0:copy-resources[m [1m(copy-javadoc-legal-files)[m @ [36msyncope-core-spring[0;1m ---[m
[[1;34mINFO[m] Copying 2 resources from ../.. to target/reports/apidocs/META-INF
[[1;34mINFO[m] 
[[1;34mINFO[m] [1m--- [0;32mcompiler:3.15.0:compile[m [1m(default-compile)[m @ [36msyncope-core-spring[0;1m ---[m
[[1;34mINFO[m] Nothing to compile - all classes are up to date.
[[1;34mINFO[m] 
[[1;34mINFO[m] [1m--- [0;32mresources:3.5.0:testResources[m [1m(default-testResources)[m @ [36msyncope-core-spring[0;1m ---[m
[[1;34mINFO[m] Copying 2 resources from src/test/resources to target/test-classes
[[1;34mINFO[m] 
[[1;34mINFO[m] [1m--- [0;32mcompiler:3.15.0:testCompile[m [1m(default-testCompile)[m @ [36msyncope-core-spring[0;1m ---[m
[[1;34mINFO[m] Nothing to compile - all classes are up to date.
[[1;34mINFO[m] 
[[1;34mINFO[m] [1m--- [0;32msurefire:3.5.5:test[m [1m(default-test)[m @ [36msyncope-core-spring[0;1m ---[m
[[1;34mINFO[m] Using auto detected provider org.apache.maven.surefire.junitplatform.JUnitPlatformProvider
[[1;34mINFO[m] 
[[1;34mINFO[m] -------------------------------------------------------
[[1;34mINFO[m]  T E S T S
[[1;34mINFO[m] -------------------------------------------------------
[[1;34mINFO[m] Running org.apache.syncope.core.spring.security.[1mAuthDataAccessorLLMGuidedTreeTest[m
OpenJDK 64-Bit Server VM warning: Sharing is only supported for boot loader classes because bootstrap classpath has been appended
[[1;34mINFO[m] [1;32mTests run: [0;1;32m11[m, Failures: 0, Errors: 0, Skipped: 0, Time elapsed: 1.722 s -- in org.apache.syncope.core.spring.security.[1mAuthDataAccessorLLMGuidedTreeTest[m
[[1;34mINFO[m] Running org.apache.syncope.core.spring.security.[1mAuthDataAccessorTest[m
[[1;34mINFO[m] [1;32mTests run: [0;1;32m17[m, Failures: 0, Errors: 0, Skipped: 0, Time elapsed: 0.281 s -- in org.apache.syncope.core.spring.security.[1mAuthDataAccessorTest[m
[[1;34mINFO[m] 
[[1;34mINFO[m] Results:
[[1;34mINFO[m] 
[[1;34mINFO[m] [1;32mTests run: 28, Failures: 0, Errors: 0, Skipped: 0[m
[[1;34mINFO[m] 
[[1;34mINFO[m] 
[[1;34mINFO[m] [1m--- [0;32mjacoco:0.8.14:report[m [1m(generate-code-coverage-report)[m @ [36msyncope-core-spring[0;1m ---[m
[[1;34mINFO[m] Loading execution data file /home/leonardo/uni/isw2/SyncopeNoTest/core/spring/target/jacoco.exec
[[1;34mINFO[m] Analyzed bundle 'Apache Syncope Core Spring' with 46 classes
[[1;34mINFO[m] 
[[1;34mINFO[m] [1m--- [0;32mjar:3.5.0:jar[m [1m(default-jar)[m @ [36msyncope-core-spring[0;1m ---[m
[[1;34mINFO[m] Building jar: /home/leonardo/uni/isw2/SyncopeNoTest/core/spring/target/syncope-core-spring-5.0.0-SNAPSHOT.jar
[[1;34mINFO[m] 
[[1;34mINFO[m] [1m--- [0;32mmodernizer:3.3.0:modernizer[m [1m(modernizer-check)[m @ [36msyncope-core-spring[0;1m ---[m
[[1;34mINFO[m] Skipping modernizer execution!
[[1;34mINFO[m] 
[[1;34mINFO[m] [1m--- [0;32mapache-rat:0.16.1:check[m [1m(rat-check)[m @ [36msyncope-core-spring[0;1m ---[m
[[1;34mINFO[m] RAT will not execute since it is configured to be skipped via system property 'rat.skip'.
[[1;34mINFO[m] 
[[1;34mINFO[m] [1m--- [0;32mtools:1.4:verify-legal-files[m [1m(verify-legal-files)[m @ [36msyncope-core-spring[0;1m ---[m
[[1;34mINFO[m] Checking legal files in: syncope-core-spring-5.0.0-SNAPSHOT.jar
[[1;34mINFO[m] 
[[1;34mINFO[m] [1m------< [0;36morg.apache.syncope.core:syncope-core-persistence-common[0;1m >-------[m
[[1;34mINFO[m] [1mBuilding Apache Syncope Core Persistence Common 5.0.0-SNAPSHOT   [19/22][m
[[1;34mINFO[m]   from core/persistence-common/pom.xml
[[1;34mINFO[m] [1m--------------------------------[ jar ]---------------------------------[m
[[1;34mINFO[m] Cache is DISABLED on project level for org.apache.syncope.core:syncope-core-persistence-common
[[1;34mINFO[m] 
[[1;34mINFO[m] [1m--- [0;32menforcer:3.6.2:enforce[m [1m(enforce-maven-version)[m @ [36msyncope-core-persistence-common[0;1m ---[m
[[1;34mINFO[m] 
[[1;34mINFO[m] [1m--- [0;32menforcer:3.6.2:enforce[m [1m(enforce-java-version)[m @ [36msyncope-core-persistence-common[0;1m ---[m
[[1;34mINFO[m] 
[[1;34mINFO[m] [1m--- [0;32menforcer:3.6.2:enforce[m [1m(default-cli)[m @ [36msyncope-core-persistence-common[0;1m ---[m
[[1;34mINFO[m] 
[[1;34mINFO[m] [1m--- [0;32mjacoco:0.8.14:prepare-agent[m [1m(prepare-jacoco-agent)[m @ [36msyncope-core-persistence-common[0;1m ---[m
[[1;34mINFO[m] argLine set to -javaagent:/home/leonardo/.m2/repository/org/jacoco/org.jacoco.agent/0.8.14/org.jacoco.agent-0.8.14-runtime.jar=destfile=/home/leonardo/uni/isw2/SyncopeNoTest/core/persistence-common/target/jacoco.exec -Xms512m -Xmx1024m -Xss256k
[[1;34mINFO[m] 
[[1;34mINFO[m] [1m--- [0;32mgplus:4.3.1:execute[m [1m(default)[m @ [36msyncope-core-persistence-common[0;1m ---[m
[[1;34mINFO[m] Using plugin classloader, includes GMavenPlus and project classpath.
[[1;34mINFO[m] Using Groovy 5.0.5 to perform execute.
[[1;34mINFO[m] 
[[1;34mINFO[m] [1m--- [0;32mremote-resources:3.3.0:process[m [1m(process-resource-bundles)[m @ [36msyncope-core-persistence-common[0;1m ---[m
[[1;34mINFO[m] Skipping remote resources execution.
[[1;34mINFO[m] 
[[1;34mINFO[m] [1m--- [0;32mresources:3.5.0:resources[m [1m(default-resources)[m @ [36msyncope-core-persistence-common[0;1m ---[m
[[1;34mINFO[m] skip non existing resourceDirectory /home/leonardo/uni/isw2/SyncopeNoTest/core/persistence-common/src/main/resources
[[1;34mINFO[m] 
[[1;34mINFO[m] [1m--- [0;32mresources:3.5.0:copy-resources[m [1m(copy-artifact-legal-files)[m @ [36msyncope-core-persistence-common[0;1m ---[m
[[1;34mINFO[m] Copying 2 resources from ../.. to target/classes/META-INF
[[1;34mINFO[m] 
[[1;34mINFO[m] [1m--- [0;32mresources:3.5.0:copy-resources[m [1m(copy-javadoc-legal-files)[m @ [36msyncope-core-persistence-common[0;1m ---[m
[[1;34mINFO[m] Copying 2 resources from ../.. to target/reports/apidocs/META-INF
[[1;34mINFO[m] 
[[1;34mINFO[m] [1m--- [0;32mcompiler:3.15.0:compile[m [1m(default-compile)[m @ [36msyncope-core-persistence-common[0;1m ---[m
[[1;34mINFO[m] Nothing to compile - all classes are up to date.
[[1;34mINFO[m] 
[[1;34mINFO[m] [1m--- [0;32mresources:3.5.0:testResources[m [1m(default-testResources)[m @ [36msyncope-core-persistence-common[0;1m ---[m
[[1;34mINFO[m] skip non existing resourceDirectory /home/leonardo/uni/isw2/SyncopeNoTest/core/persistence-common/src/test/resources
[[1;34mINFO[m] 
[[1;34mINFO[m] [1m--- [0;32mcompiler:3.15.0:testCompile[m [1m(default-testCompile)[m @ [36msyncope-core-persistence-common[0;1m ---[m
[[1;34mINFO[m] No sources to compile
[[1;34mINFO[m] 
[[1;34mINFO[m] [1m--- [0;32msurefire:3.5.5:test[m [1m(default-test)[m @ [36msyncope-core-persistence-common[0;1m ---[m
[[1;34mINFO[m] No tests to run.
[[1;34mINFO[m] 
[[1;34mINFO[m] [1m--- [0;32mjacoco:0.8.14:report[m [1m(generate-code-coverage-report)[m @ [36msyncope-core-persistence-common[0;1m ---[m
[[1;34mINFO[m] Skipping JaCoCo execution due to missing execution data file.
[[1;34mINFO[m] 
[[1;34mINFO[m] [1m--- [0;32mjar:3.5.0:jar[m [1m(default-jar)[m @ [36msyncope-core-persistence-common[0;1m ---[m
[[1;34mINFO[m] Building jar: /home/leonardo/uni/isw2/SyncopeNoTest/core/persistence-common/target/syncope-core-persistence-common-5.0.0-SNAPSHOT.jar
[[1;34mINFO[m] 
[[1;34mINFO[m] [1m--- [0;32mmodernizer:3.3.0:modernizer[m [1m(modernizer-check)[m @ [36msyncope-core-persistence-common[0;1m ---[m
[[1;34mINFO[m] Skipping modernizer execution!
[[1;34mINFO[m] 
[[1;34mINFO[m] [1m--- [0;32mapache-rat:0.16.1:check[m [1m(rat-check)[m @ [36msyncope-core-persistence-common[0;1m ---[m
[[1;34mINFO[m] RAT will not execute since it is configured to be skipped via system property 'rat.skip'.
[[1;34mINFO[m] 
[[1;34mINFO[m] [1m--- [0;32mtools:1.4:verify-legal-files[m [1m(verify-legal-files)[m @ [36msyncope-core-persistence-common[0;1m ---[m
[[1;34mINFO[m] Checking legal files in: syncope-core-persistence-common-5.0.0-SNAPSHOT.jar
[[1;34mINFO[m] 
[[1;34mINFO[m] [1m--------< [0;36morg.apache.syncope.core:syncope-core-persistence-jpa[0;1m >--------[m
[[1;34mINFO[m] [1mBuilding Apache Syncope Core Persistence JPA 5.0.0-SNAPSHOT      [20/22][m
[[1;34mINFO[m]   from core/persistence-jpa/pom.xml
[[1;34mINFO[m] [1m--------------------------------[ jar ]---------------------------------[m
[[1;34mINFO[m] Cache is DISABLED on project level for org.apache.syncope.core:syncope-core-persistence-jpa
[[1;34mINFO[m] 
[[1;34mINFO[m] [1m--- [0;32menforcer:3.6.2:enforce[m [1m(enforce-maven-version)[m @ [36msyncope-core-persistence-jpa[0;1m ---[m
[[1;34mINFO[m] 
[[1;34mINFO[m] [1m--- [0;32menforcer:3.6.2:enforce[m [1m(enforce-java-version)[m @ [36msyncope-core-persistence-jpa[0;1m ---[m
[[1;34mINFO[m] 
[[1;34mINFO[m] [1m--- [0;32menforcer:3.6.2:enforce[m [1m(default-cli)[m @ [36msyncope-core-persistence-jpa[0;1m ---[m
[[1;34mINFO[m] 
[[1;34mINFO[m] [1m--- [0;32mjacoco:0.8.14:prepare-agent[m [1m(prepare-jacoco-agent)[m @ [36msyncope-core-persistence-jpa[0;1m ---[m
[[1;34mINFO[m] argLine set to -javaagent:/home/leonardo/.m2/repository/org/jacoco/org.jacoco.agent/0.8.14/org.jacoco.agent-0.8.14-runtime.jar=destfile=/home/leonardo/uni/isw2/SyncopeNoTest/core/persistence-jpa/target/jacoco.exec -Xms512m -Xmx1024m -Xss256k
[[1;34mINFO[m] 
[[1;34mINFO[m] [1m--- [0;32mgplus:4.3.1:execute[m [1m(default)[m @ [36msyncope-core-persistence-jpa[0;1m ---[m
[[1;34mINFO[m] Using plugin classloader, includes GMavenPlus and project classpath.
[[1;34mINFO[m] Using Groovy 5.0.5 to perform execute.
[[1;34mINFO[m] 
[[1;34mINFO[m] [1m--- [0;32mremote-resources:3.3.0:process[m [1m(process-resource-bundles)[m @ [36msyncope-core-persistence-jpa[0;1m ---[m
[[1;34mINFO[m] Skipping remote resources execution.
[[1;34mINFO[m] 
[[1;34mINFO[m] [1m--- [0;32mresources:3.5.0:resources[m [1m(default-resources)[m @ [36msyncope-core-persistence-jpa[0;1m ---[m
[[1;34mINFO[m] Copying 15 resources from src/main/resources to target/classes
[[1;34mINFO[m] 
[[1;34mINFO[m] [1m--- [0;32mresources:3.5.0:copy-resources[m [1m(copy-artifact-legal-files)[m @ [36msyncope-core-persistence-jpa[0;1m ---[m
[[1;34mINFO[m] Copying 2 resources from ../.. to target/classes/META-INF
[[1;34mINFO[m] 
[[1;34mINFO[m] [1m--- [0;32mresources:3.5.0:copy-resources[m [1m(copy-javadoc-legal-files)[m @ [36msyncope-core-persistence-jpa[0;1m ---[m
[[1;34mINFO[m] Copying 2 resources from ../.. to target/reports/apidocs/META-INF
[[1;34mINFO[m] 
[[1;34mINFO[m] [1m--- [0;32mcompiler:3.15.0:compile[m [1m(default-compile)[m @ [36msyncope-core-persistence-jpa[0;1m ---[m
[[1;34mINFO[m] Nothing to compile - all classes are up to date.
[[1;34mINFO[m] 
[[1;34mINFO[m] [1m--- [0;32mhibernate:7.3.2.Final:enhance[m [1m(enhance)[m @ [36msyncope-core-persistence-jpa[0;1m ---[m
[[1;34mINFO[m] Added file to source set: /home/leonardo/uni/isw2/SyncopeNoTest/core/persistence-jpa/target/classes/org/apache/syncope/core/persistence/jpa/entity/JPAImplementation.class
[[1;34mINFO[m] Added file to source set: /home/leonardo/uni/isw2/SyncopeNoTest/core/persistence-jpa/target/classes/org/apache/syncope/core/persistence/jpa/entity/JPABatch.class
[[1;34mINFO[m] Added file to source set: /home/leonardo/uni/isw2/SyncopeNoTest/core/persistence-jpa/target/classes/org/apache/syncope/core/persistence/jpa/entity/AbstractAny.class
[[1;34mINFO[m] Added file to source set: /home/leonardo/uni/isw2/SyncopeNoTest/core/persistence-jpa/target/classes/org/apache/syncope/core/persistence/jpa/entity/am/JPAOIDCRPClientApp.class
[[1;34mINFO[m] Added file to source set: /home/leonardo/uni/isw2/SyncopeNoTest/core/persistence-jpa/target/classes/org/apache/syncope/core/persistence/jpa/entity/am/JPASAML2IdPEntity.class
[[1;34mINFO[m] Added file to source set: /home/leonardo/uni/isw2/SyncopeNoTest/core/persistence-jpa/target/classes/org/apache/syncope/core/persistence/jpa/entity/am/JPAAuthProfile.class
[[1;34mINFO[m] Added file to source set: /home/leonardo/uni/isw2/SyncopeNoTest/core/persistence-jpa/target/classes/org/apache/syncope/core/persistence/jpa/entity/am/JPAWAConfigEntry.class
[[1;34mINFO[m] Added file to source set: /home/leonardo/uni/isw2/SyncopeNoTest/core/persistence-jpa/target/classes/org/apache/syncope/core/persistence/jpa/entity/am/JPAAuthModule.class
[[1;34mINFO[m] Added file to source set: /home/leonardo/uni/isw2/SyncopeNoTest/core/persistence-jpa/target/classes/org/apache/syncope/core/persistence/jpa/entity/am/JPAPasswordManagement.class
[[1;34mINFO[m] Added file to source set: /home/leonardo/uni/isw2/SyncopeNoTest/core/persistence-jpa/target/classes/org/apache/syncope/core/persistence/jpa/entity/am/JPAOIDCOpEntity.class
[[1;34mINFO[m] Added file to source set: /home/leonardo/uni/isw2/SyncopeNoTest/core/persistence-jpa/target/classes/org/apache/syncope/core/persistence/jpa/entity/am/JPAAttrRepo.class
[[1;34mINFO[m] Added file to source set: /home/leonardo/uni/isw2/SyncopeNoTest/core/persistence-jpa/target/classes/org/apache/syncope/core/persistence/jpa/entity/am/JPASAML2SPClientApp.class
[[1;34mINFO[m] Added file to source set: /home/leonardo/uni/isw2/SyncopeNoTest/core/persistence-jpa/target/classes/org/apache/syncope/core/persistence/jpa/entity/am/AbstractClientApp.class
[[1;34mINFO[m] Added file to source set: /home/leonardo/uni/isw2/SyncopeNoTest/core/persistence-jpa/target/classes/org/apache/syncope/core/persistence/jpa/entity/am/JPACASSPClientApp.class
[[1;34mINFO[m] Added file to source set: /home/leonardo/uni/isw2/SyncopeNoTest/core/persistence-jpa/target/classes/org/apache/syncope/core/persistence/jpa/entity/task/JPAPropagationTaskExec.class
[[1;34mINFO[m] Added file to source set: /home/leonardo/uni/isw2/SyncopeNoTest/core/persistence-jpa/target/classes/org/apache/syncope/core/persistence/jpa/entity/task/JPAPullTask.class
[[1;34mINFO[m] Added file to source set: /home/leonardo/uni/isw2/SyncopeNoTest/core/persistence-jpa/target/classes/org/apache/syncope/core/persistence/jpa/entity/task/AbstractSchedTask.class
[[1;34mINFO[m] Added file to source set: /home/leonardo/uni/isw2/SyncopeNoTest/core/persistence-jpa/target/classes/org/apache/syncope/core/persistence/jpa/entity/task/JPALiveSyncTask.class
[[1;34mINFO[m] Added file to source set: /home/leonardo/uni/isw2/SyncopeNoTest/core/persistence-jpa/target/classes/org/apache/syncope/core/persistence/jpa/entity/task/JPAFormPropertyDef.class
[[1;34mINFO[m] Added file to source set: /home/leonardo/uni/isw2/SyncopeNoTest/core/persistence-jpa/target/classes/org/apache/syncope/core/persistence/jpa/entity/task/JPANotificationTask.class
[[1;34mINFO[m] Added file to source set: /home/leonardo/uni/isw2/SyncopeNoTest/core/persistence-jpa/target/classes/org/apache/syncope/core/persistence/jpa/entity/task/JPAPushTask.class
[[1;34mINFO[m] Added file to source set: /home/leonardo/uni/isw2/SyncopeNoTest/core/persistence-jpa/target/classes/org/apache/syncope/core/persistence/jpa/entity/task/AbstractInboundTask.class
[[1;34mINFO[m] Added file to source set: /home/leonardo/uni/isw2/SyncopeNoTest/core/persistence-jpa/target/classes/org/apache/syncope/core/persistence/jpa/entity/task/JPASchedTask.class
[[1;34mINFO[m] Added file to source set: /home/leonardo/uni/isw2/SyncopeNoTest/core/persistence-jpa/target/classes/org/apache/syncope/core/persistence/jpa/entity/task/JPAMacroTaskExec.class
[[1;34mINFO[m] Added file to source set: /home/leonardo/uni/isw2/SyncopeNoTest/core/persistence-jpa/target/classes/org/apache/syncope/core/persistence/jpa/entity/task/JPAMacroTaskCommand.class
[[1;34mINFO[m] Added file to source set: /home/leonardo/uni/isw2/SyncopeNoTest/core/persistence-jpa/target/classes/org/apache/syncope/core/persistence/jpa/entity/task/JPAPropagationTask.class
[[1;34mINFO[m] Added file to source set: /home/leonardo/uni/isw2/SyncopeNoTest/core/persistence-jpa/target/classes/org/apache/syncope/core/persistence/jpa/entity/task/AbstractTaskExec.class
[[1;34mINFO[m] Added file to source set: /home/leonardo/uni/isw2/SyncopeNoTest/core/persistence-jpa/target/classes/org/apache/syncope/core/persistence/jpa/entity/task/JPASchedTaskExec.class
[[1;34mINFO[m] Added file to source set: /home/leonardo/uni/isw2/SyncopeNoTest/core/persistence-jpa/target/classes/org/apache/syncope/core/persistence/jpa/entity/task/AbstractProvisioningTask.class
[[1;34mINFO[m] Added file to source set: /home/leonardo/uni/isw2/SyncopeNoTest/core/persistence-jpa/target/classes/org/apache/syncope/core/persistence/jpa/entity/task/JPATaskUtils.class
[[1;34mINFO[m] Added file to source set: /home/leonardo/uni/isw2/SyncopeNoTest/core/persistence-jpa/target/classes/org/apache/syncope/core/persistence/jpa/entity/task/AbstractTask.class
[[1;34mINFO[m] Added file to source set: /home/leonardo/uni/isw2/SyncopeNoTest/core/persistence-jpa/target/classes/org/apache/syncope/core/persistence/jpa/entity/task/JPATaskUtilsFactory.class
[[1;34mINFO[m] Added file to source set: /home/leonardo/uni/isw2/SyncopeNoTest/core/persistence-jpa/target/classes/org/apache/syncope/core/persistence/jpa/entity/task/JPAPushTaskExec.class
[[1;34mINFO[m] Added file to source set: /home/leonardo/uni/isw2/SyncopeNoTest/core/persistence-jpa/target/classes/org/apache/syncope/core/persistence/jpa/entity/task/JPAPullTaskExec.class
[[1;34mINFO[m] Added file to source set: /home/leonardo/uni/isw2/SyncopeNoTest/core/persistence-jpa/target/classes/org/apache/syncope/core/persistence/jpa/entity/task/JPALiveSyncTaskExec.class
[[1;34mINFO[m] Added file to source set: /home/leonardo/uni/isw2/SyncopeNoTest/core/persistence-jpa/target/classes/org/apache/syncope/core/persistence/jpa/entity/task/JPAMacroTask.class
[[1;34mINFO[m] Added file to source set: /home/leonardo/uni/isw2/SyncopeNoTest/core/persistence-jpa/target/classes/org/apache/syncope/core/persistence/jpa/entity/task/JPAAnyTemplateLiveSyncTask.class
[[1;34mINFO[m] Added file to source set: /home/leonardo/uni/isw2/SyncopeNoTest/core/persistence-jpa/target/classes/org/apache/syncope/core/persistence/jpa/entity/task/JPATaskUtils$1.class
[[1;34mINFO[m] Added file to source set: /home/leonardo/uni/isw2/SyncopeNoTest/core/persistence-jpa/target/classes/org/apache/syncope/core/persistence/jpa/entity/task/JPANotificationTaskExec.class
[[1;34mINFO[m] Added file to source set: /home/leonardo/uni/isw2/SyncopeNoTest/core/persistence-jpa/target/classes/org/apache/syncope/core/persistence/jpa/entity/task/JPAAnyTemplatePullTask.class
[[1;34mINFO[m] Added file to source set: /home/leonardo/uni/isw2/SyncopeNoTest/core/persistence-jpa/target/classes/org/apache/syncope/core/persistence/jpa/entity/JPARole.class
[[1;34mINFO[m] Added file to source set: /home/leonardo/uni/isw2/SyncopeNoTest/core/persistence-jpa/target/classes/org/apache/syncope/core/persistence/jpa/entity/AbstractRelatable.class
[[1;34mINFO[m] Added file to source set: /home/leonardo/uni/isw2/SyncopeNoTest/core/persistence-jpa/target/classes/org/apache/syncope/core/persistence/jpa/entity/AbstractEntity.class
[[1;34mINFO[m] Added file to source set: /home/leonardo/uni/isw2/SyncopeNoTest/core/persistence-jpa/target/classes/org/apache/syncope/core/persistence/jpa/entity/JPADelegation.class
[[1;34mINFO[m] Added file to source set: /home/leonardo/uni/isw2/SyncopeNoTest/core/persistence-jpa/target/classes/org/apache/syncope/core/persistence/jpa/entity/AbstractGeneratedKeyEntity.class
[[1;34mINFO[m] Added file to source set: /home/leonardo/uni/isw2/SyncopeNoTest/core/persistence-jpa/target/classes/org/apache/syncope/core/persistence/jpa/entity/PGEntityFactory.class
[[1;34mINFO[m] Added file to source set: /home/leonardo/uni/isw2/SyncopeNoTest/core/persistence-jpa/target/classes/org/apache/syncope/core/persistence/jpa/entity/keymaster/JPAConfParam.class
[[1;34mINFO[m] Added file to source set: /home/leonardo/uni/isw2/SyncopeNoTest/core/persistence-jpa/target/classes/org/apache/syncope/core/persistence/jpa/entity/keymaster/JPANetworkService.class
[[1;34mINFO[m] Added file to source set: /home/leonardo/uni/isw2/SyncopeNoTest/core/persistence-jpa/target/classes/org/apache/syncope/core/persistence/jpa/entity/keymaster/JPADomain.class
[[1;34mINFO[m] Added file to source set: /home/leonardo/uni/isw2/SyncopeNoTest/core/persistence-jpa/target/classes/org/apache/syncope/core/persistence/jpa/entity/AbstractAnyTemplate.class
[[1;34mINFO[m] Added file to source set: /home/leonardo/uni/isw2/SyncopeNoTest/core/persistence-jpa/target/classes/org/apache/syncope/core/persistence/jpa/entity/OracleEntityFactory.class
[[1;34mINFO[m] Added file to source set: /home/leonardo/uni/isw2/SyncopeNoTest/core/persistence-jpa/target/classes/org/apache/syncope/core/persistence/jpa/entity/JPAFIQLQuery.class
[[1;34mINFO[m] Added file to source set: /home/leonardo/uni/isw2/SyncopeNoTest/core/persistence-jpa/target/classes/org/apache/syncope/core/persistence/jpa/entity/JPADerSchema.class
[[1;34mINFO[m] Added file to source set: /home/leonardo/uni/isw2/SyncopeNoTest/core/persistence-jpa/target/classes/org/apache/syncope/core/persistence/jpa/entity/JPAAnyType.class
[[1;34mINFO[m] Added file to source set: /home/leonardo/uni/isw2/SyncopeNoTest/core/persistence-jpa/target/classes/org/apache/syncope/core/persistence/jpa/entity/JPAReportExec.class
[[1;34mINFO[m] Added file to source set: /home/leonardo/uni/isw2/SyncopeNoTest/core/persistence-jpa/target/classes/org/apache/syncope/core/persistence/jpa/entity/JPAExternalResource.class
[[1;34mINFO[m] Added file to source set: /home/leonardo/uni/isw2/SyncopeNoTest/core/persistence-jpa/target/classes/org/apache/syncope/core/persistence/jpa/entity/JPAConnInstance.class
[[1;34mINFO[m] Added file to source set: /home/leonardo/uni/isw2/SyncopeNoTest/core/persistence-jpa/target/classes/org/apache/syncope/core/persistence/jpa/entity/JPAAuditEvent$1.class
[[1;34mINFO[m] Added file to source set: /home/leonardo/uni/isw2/SyncopeNoTest/core/persistence-jpa/target/classes/org/apache/syncope/core/persistence/jpa/entity/policy/AbstractCorrelationRuleEntity.class
[[1;34mINFO[m] Added file to source set: /home/leonardo/uni/isw2/SyncopeNoTest/core/persistence-jpa/target/classes/org/apache/syncope/core/persistence/jpa/entity/policy/AbstractProvisioningPolicy.class
[[1;34mINFO[m] Added file to source set: /home/leonardo/uni/isw2/SyncopeNoTest/core/persistence-jpa/target/classes/org/apache/syncope/core/persistence/jpa/entity/policy/JPAAuthPolicy.class
[[1;34mINFO[m] Added file to source set: /home/leonardo/uni/isw2/SyncopeNoTest/core/persistence-jpa/target/classes/org/apache/syncope/core/persistence/jpa/entity/policy/JPAAccessPolicy.class
[[1;34mINFO[m] Added file to source set: /home/leonardo/uni/isw2/SyncopeNoTest/core/persistence-jpa/target/classes/org/apache/syncope/core/persistence/jpa/entity/policy/AbstractPolicy.class
[[1;34mINFO[m] Added file to source set: /home/leonardo/uni/isw2/SyncopeNoTest/core/persistence-jpa/target/classes/org/apache/syncope/core/persistence/jpa/entity/policy/JPAInboundPolicy.class
[[1;34mINFO[m] Added file to source set: /home/leonardo/uni/isw2/SyncopeNoTest/core/persistence-jpa/target/classes/org/apache/syncope/core/persistence/jpa/entity/policy/JPAAccountPolicy.class
[[1;34mINFO[m] Added file to source set: /home/leonardo/uni/isw2/SyncopeNoTest/core/persistence-jpa/target/classes/org/apache/syncope/core/persistence/jpa/entity/policy/JPAInboundCorrelationRuleEntity.class
[[1;34mINFO[m] Added file to source set: /home/leonardo/uni/isw2/SyncopeNoTest/core/persistence-jpa/target/classes/org/apache/syncope/core/persistence/jpa/entity/policy/JPAAttrReleasePolicy.class
[[1;34mINFO[m] Added file to source set: /home/leonardo/uni/isw2/SyncopeNoTest/core/persistence-jpa/target/classes/org/apache/syncope/core/persistence/jpa/entity/policy/JPAPropagationPolicy.class
[[1;34mINFO[m] Added file to source set: /home/leonardo/uni/isw2/SyncopeNoTest/core/persistence-jpa/target/classes/org/apache/syncope/core/persistence/jpa/entity/policy/JPAPushCorrelationRuleEntity.class
[[1;34mINFO[m] Added file to source set: /home/leonardo/uni/isw2/SyncopeNoTest/core/persistence-jpa/target/classes/org/apache/syncope/core/persistence/jpa/entity/policy/JPATicketExpirationPolicy.class
[[1;34mINFO[m] Added file to source set: /home/leonardo/uni/isw2/SyncopeNoTest/core/persistence-jpa/target/classes/org/apache/syncope/core/persistence/jpa/entity/policy/JPAPushPolicy.class
[[1;34mINFO[m] Added file to source set: /home/leonardo/uni/isw2/SyncopeNoTest/core/persistence-jpa/target/classes/org/apache/syncope/core/persistence/jpa/entity/policy/JPAPasswordPolicy.class
[[1;34mINFO[m] Added file to source set: /home/leonardo/uni/isw2/SyncopeNoTest/core/persistence-jpa/target/classes/org/apache/syncope/core/persistence/jpa/entity/AbstractExec.class
[[1;34mINFO[m] Added file to source set: /home/leonardo/uni/isw2/SyncopeNoTest/core/persistence-jpa/target/classes/org/apache/syncope/core/persistence/jpa/entity/EntityValidationListener.class
[[1;34mINFO[m] Added file to source set: /home/leonardo/uni/isw2/SyncopeNoTest/core/persistence-jpa/target/classes/org/apache/syncope/core/persistence/jpa/entity/AbstractProvidedKeyEntity.class
[[1;34mINFO[m] Added file to source set: /home/leonardo/uni/isw2/SyncopeNoTest/core/persistence-jpa/target/classes/org/apache/syncope/core/persistence/jpa/entity/JPAAnyAbout.class
[[1;34mINFO[m] Added file to source set: /home/leonardo/uni/isw2/SyncopeNoTest/core/persistence-jpa/target/classes/org/apache/syncope/core/persistence/jpa/entity/AbstractGroupableRelatable.class
[[1;34mINFO[m] Added file to source set: /home/leonardo/uni/isw2/SyncopeNoTest/core/persistence-jpa/target/classes/org/apache/syncope/core/persistence/jpa/entity/JPAMailTemplate.class
[[1;34mINFO[m] Added file to source set: /home/leonardo/uni/isw2/SyncopeNoTest/core/persistence-jpa/target/classes/org/apache/syncope/core/persistence/jpa/entity/JPARemediation.class
[[1;34mINFO[m] Added file to source set: /home/leonardo/uni/isw2/SyncopeNoTest/core/persistence-jpa/target/classes/org/apache/syncope/core/persistence/jpa/entity/JPAAuditEvent.class
[[1;34mINFO[m] Added file to source set: /home/leonardo/uni/isw2/SyncopeNoTest/core/persistence-jpa/target/classes/org/apache/syncope/core/persistence/jpa/entity/user/JPASecurityQuestion.class
[[1;34mINFO[m] Added file to source set: /home/leonardo/uni/isw2/SyncopeNoTest/core/persistence-jpa/target/classes/org/apache/syncope/core/persistence/jpa/entity/user/JPALinkedAccount.class
[[1;34mINFO[m] Added file to source set: /home/leonardo/uni/isw2/SyncopeNoTest/core/persistence-jpa/target/classes/org/apache/syncope/core/persistence/jpa/entity/user/JPAURelationship.class
[[1;34mINFO[m] Added file to source set: /home/leonardo/uni/isw2/SyncopeNoTest/core/persistence-jpa/target/classes/org/apache/syncope/core/persistence/jpa/entity/user/JPAUser.class
[[1;34mINFO[m] Added file to source set: /home/leonardo/uni/isw2/SyncopeNoTest/core/persistence-jpa/target/classes/org/apache/syncope/core/persistence/jpa/entity/user/JPAUMembership.class
[[1;34mINFO[m] Added file to source set: /home/leonardo/uni/isw2/SyncopeNoTest/core/persistence-jpa/target/classes/org/apache/syncope/core/persistence/jpa/entity/AbstractEntityFactory.class
[[1;34mINFO[m] Added file to source set: /home/leonardo/uni/isw2/SyncopeNoTest/core/persistence-jpa/target/classes/org/apache/syncope/core/persistence/jpa/entity/JPARelationshipTypeExtension.class
[[1;34mINFO[m] Added file to source set: /home/leonardo/uni/isw2/SyncopeNoTest/core/persistence-jpa/target/classes/org/apache/syncope/core/persistence/jpa/entity/JPASRARoute.class
[[1;34mINFO[m] Added file to source set: /home/leonardo/uni/isw2/SyncopeNoTest/core/persistence-jpa/target/classes/org/apache/syncope/core/persistence/jpa/entity/JPANotification.class
[[1;34mINFO[m] Added file to source set: /home/leonardo/uni/isw2/SyncopeNoTest/core/persistence-jpa/target/classes/org/apache/syncope/core/persistence/jpa/entity/MySQLEntityFactory.class
[[1;34mINFO[m] Added file to source set: /home/leonardo/uni/isw2/SyncopeNoTest/core/persistence-jpa/target/classes/org/apache/syncope/core/persistence/jpa/entity/JPARealm.class
[[1;34mINFO[m] Added file to source set: /home/leonardo/uni/isw2/SyncopeNoTest/core/persistence-jpa/target/classes/org/apache/syncope/core/persistence/jpa/entity/JPAJobStatus.class
[[1;34mINFO[m] Added file to source set: /home/leonardo/uni/isw2/SyncopeNoTest/core/persistence-jpa/target/classes/org/apache/syncope/core/persistence/jpa/entity/JPAAnyTypeClass.class
[[1;34mINFO[m] Added file to source set: /home/leonardo/uni/isw2/SyncopeNoTest/core/persistence-jpa/target/classes/org/apache/syncope/core/persistence/jpa/entity/JPAReport.class
[[1;34mINFO[m] Added file to source set: /home/leonardo/uni/isw2/SyncopeNoTest/core/persistence-jpa/target/classes/org/apache/syncope/core/persistence/jpa/entity/AbstractTypeExtension.class
[[1;34mINFO[m] Added file to source set: /home/leonardo/uni/isw2/SyncopeNoTest/core/persistence-jpa/target/classes/org/apache/syncope/core/persistence/jpa/entity/JPARelationshipType.class
[[1;34mINFO[m] Added file to source set: /home/leonardo/uni/isw2/SyncopeNoTest/core/persistence-jpa/target/classes/org/apache/syncope/core/persistence/jpa/entity/MariaDBEntityFactory.class
[[1;34mINFO[m] Added file to source set: /home/leonardo/uni/isw2/SyncopeNoTest/core/persistence-jpa/target/classes/org/apache/syncope/core/persistence/jpa/entity/AbstractAttributable.class
[[1;34mINFO[m] Added file to source set: /home/leonardo/uni/isw2/SyncopeNoTest/core/persistence-jpa/target/classes/org/apache/syncope/core/persistence/jpa/entity/anyobject/JPAAnyObject.class
[[1;34mINFO[m] Added file to source set: /home/leonardo/uni/isw2/SyncopeNoTest/core/persistence-jpa/target/classes/org/apache/syncope/core/persistence/jpa/entity/anyobject/JPAARelationship.class
[[1;34mINFO[m] Added file to source set: /home/leonardo/uni/isw2/SyncopeNoTest/core/persistence-jpa/target/classes/org/apache/syncope/core/persistence/jpa/entity/anyobject/JPAAMembership.class
[[1;34mINFO[m] Added file to source set: /home/leonardo/uni/isw2/SyncopeNoTest/core/persistence-jpa/target/classes/org/apache/syncope/core/persistence/jpa/entity/JPAAccessToken.class
[[1;34mINFO[m] Added file to source set: /home/leonardo/uni/isw2/SyncopeNoTest/core/persistence-jpa/target/classes/org/apache/syncope/core/persistence/jpa/entity/JPAAnyTemplateRealm.class
[[1;34mINFO[m] Added file to source set: /home/leonardo/uni/isw2/SyncopeNoTest/core/persistence-jpa/target/classes/org/apache/syncope/core/persistence/jpa/entity/group/JPAGroup.class
[[1;34mINFO[m] Added file to source set: /home/leonardo/uni/isw2/SyncopeNoTest/core/persistence-jpa/target/classes/org/apache/syncope/core/persistence/jpa/entity/group/JPAGRelationship.class
[[1;34mINFO[m] Added file to source set: /home/leonardo/uni/isw2/SyncopeNoTest/core/persistence-jpa/target/classes/org/apache/syncope/core/persistence/jpa/entity/group/JPAGroupTypeExtension.class
[[1;34mINFO[m] Added file to source set: /home/leonardo/uni/isw2/SyncopeNoTest/core/persistence-jpa/target/classes/org/apache/syncope/core/persistence/jpa/entity/JPAAuditConf.class
[[1;34mINFO[m] Added file to source set: /home/leonardo/uni/isw2/SyncopeNoTest/core/persistence-jpa/target/classes/org/apache/syncope/core/persistence/jpa/entity/AbstractSchema.class
[[1;34mINFO[m] Added file to source set: /home/leonardo/uni/isw2/SyncopeNoTest/core/persistence-jpa/target/classes/org/apache/syncope/core/persistence/jpa/entity/JPAPlainSchema.class
[[1;34mINFO[m] Successfully discovered types for classes in file: /home/leonardo/uni/isw2/SyncopeNoTest/core/persistence-jpa/target/classes/org/apache/syncope/core/persistence/jpa/entity/JPAImplementation.class
[[1;34mINFO[m] Successfully discovered types for classes in file: /home/leonardo/uni/isw2/SyncopeNoTest/core/persistence-jpa/target/classes/org/apache/syncope/core/persistence/jpa/entity/JPABatch.class
[[1;34mINFO[m] Successfully discovered types for classes in file: /home/leonardo/uni/isw2/SyncopeNoTest/core/persistence-jpa/target/classes/org/apache/syncope/core/persistence/jpa/entity/AbstractAny.class
[[1;34mINFO[m] Successfully discovered types for classes in file: /home/leonardo/uni/isw2/SyncopeNoTest/core/persistence-jpa/target/classes/org/apache/syncope/core/persistence/jpa/entity/am/JPAOIDCRPClientApp.class
[[1;34mINFO[m] Successfully discovered types for classes in file: /home/leonardo/uni/isw2/SyncopeNoTest/core/persistence-jpa/target/classes/org/apache/syncope/core/persistence/jpa/entity/am/JPASAML2IdPEntity.class
[[1;34mINFO[m] Successfully discovered types for classes in file: /home/leonardo/uni/isw2/SyncopeNoTest/core/persistence-jpa/target/classes/org/apache/syncope/core/persistence/jpa/entity/am/JPAAuthProfile.class
[[1;34mINFO[m] Successfully discovered types for classes in file: /home/leonardo/uni/isw2/SyncopeNoTest/core/persistence-jpa/target/classes/org/apache/syncope/core/persistence/jpa/entity/am/JPAWAConfigEntry.class
[[1;34mINFO[m] Successfully discovered types for classes in file: /home/leonardo/uni/isw2/SyncopeNoTest/core/persistence-jpa/target/classes/org/apache/syncope/core/persistence/jpa/entity/am/JPAAuthModule.class
[[1;34mINFO[m] Successfully discovered types for classes in file: /home/leonardo/uni/isw2/SyncopeNoTest/core/persistence-jpa/target/classes/org/apache/syncope/core/persistence/jpa/entity/am/JPAPasswordManagement.class
[[1;34mINFO[m] Successfully discovered types for classes in file: /home/leonardo/uni/isw2/SyncopeNoTest/core/persistence-jpa/target/classes/org/apache/syncope/core/persistence/jpa/entity/am/JPAOIDCOpEntity.class
[[1;34mINFO[m] Successfully discovered types for classes in file: /home/leonardo/uni/isw2/SyncopeNoTest/core/persistence-jpa/target/classes/org/apache/syncope/core/persistence/jpa/entity/am/JPAAttrRepo.class
[[1;34mINFO[m] Successfully discovered types for classes in file: /home/leonardo/uni/isw2/SyncopeNoTest/core/persistence-jpa/target/classes/org/apache/syncope/core/persistence/jpa/entity/am/JPASAML2SPClientApp.class
[[1;34mINFO[m] Successfully discovered types for classes in file: /home/leonardo/uni/isw2/SyncopeNoTest/core/persistence-jpa/target/classes/org/apache/syncope/core/persistence/jpa/entity/am/AbstractClientApp.class
[[1;34mINFO[m] Successfully discovered types for classes in file: /home/leonardo/uni/isw2/SyncopeNoTest/core/persistence-jpa/target/classes/org/apache/syncope/core/persistence/jpa/entity/am/JPACASSPClientApp.class
[[1;34mINFO[m] Successfully discovered types for classes in file: /home/leonardo/uni/isw2/SyncopeNoTest/core/persistence-jpa/target/classes/org/apache/syncope/core/persistence/jpa/entity/task/JPAPropagationTaskExec.class
[[1;34mINFO[m] Successfully discovered types for classes in file: /home/leonardo/uni/isw2/SyncopeNoTest/core/persistence-jpa/target/classes/org/apache/syncope/core/persistence/jpa/entity/task/JPAPullTask.class
[[1;34mINFO[m] Successfully discovered types for classes in file: /home/leonardo/uni/isw2/SyncopeNoTest/core/persistence-jpa/target/classes/org/apache/syncope/core/persistence/jpa/entity/task/AbstractSchedTask.class
[[1;34mINFO[m] Successfully discovered types for classes in file: /home/leonardo/uni/isw2/SyncopeNoTest/core/persistence-jpa/target/classes/org/apache/syncope/core/persistence/jpa/entity/task/JPALiveSyncTask.class
[[1;34mINFO[m] Successfully discovered types for classes in file: /home/leonardo/uni/isw2/SyncopeNoTest/core/persistence-jpa/target/classes/org/apache/syncope/core/persistence/jpa/entity/task/JPAFormPropertyDef.class
[[1;34mINFO[m] Successfully discovered types for classes in file: /home/leonardo/uni/isw2/SyncopeNoTest/core/persistence-jpa/target/classes/org/apache/syncope/core/persistence/jpa/entity/task/JPANotificationTask.class
[[1;34mINFO[m] Successfully discovered types for classes in file: /home/leonardo/uni/isw2/SyncopeNoTest/core/persistence-jpa/target/classes/org/apache/syncope/core/persistence/jpa/entity/task/JPAPushTask.class
[[1;34mINFO[m] Successfully discovered types for classes in file: /home/leonardo/uni/isw2/SyncopeNoTest/core/persistence-jpa/target/classes/org/apache/syncope/core/persistence/jpa/entity/task/AbstractInboundTask.class
[[1;34mINFO[m] Successfully discovered types for classes in file: /home/leonardo/uni/isw2/SyncopeNoTest/core/persistence-jpa/target/classes/org/apache/syncope/core/persistence/jpa/entity/task/JPASchedTask.class
[[1;34mINFO[m] Successfully discovered types for classes in file: /home/leonardo/uni/isw2/SyncopeNoTest/core/persistence-jpa/target/classes/org/apache/syncope/core/persistence/jpa/entity/task/JPAMacroTaskExec.class
[[1;34mINFO[m] Successfully discovered types for classes in file: /home/leonardo/uni/isw2/SyncopeNoTest/core/persistence-jpa/target/classes/org/apache/syncope/core/persistence/jpa/entity/task/JPAMacroTaskCommand.class
[[1;34mINFO[m] Successfully discovered types for classes in file: /home/leonardo/uni/isw2/SyncopeNoTest/core/persistence-jpa/target/classes/org/apache/syncope/core/persistence/jpa/entity/task/JPAPropagationTask.class
[[1;34mINFO[m] Successfully discovered types for classes in file: /home/leonardo/uni/isw2/SyncopeNoTest/core/persistence-jpa/target/classes/org/apache/syncope/core/persistence/jpa/entity/task/AbstractTaskExec.class
[[1;34mINFO[m] Successfully discovered types for classes in file: /home/leonardo/uni/isw2/SyncopeNoTest/core/persistence-jpa/target/classes/org/apache/syncope/core/persistence/jpa/entity/task/JPASchedTaskExec.class
[[1;34mINFO[m] Successfully discovered types for classes in file: /home/leonardo/uni/isw2/SyncopeNoTest/core/persistence-jpa/target/classes/org/apache/syncope/core/persistence/jpa/entity/task/AbstractProvisioningTask.class
[[1;34mINFO[m] Successfully discovered types for classes in file: /home/leonardo/uni/isw2/SyncopeNoTest/core/persistence-jpa/target/classes/org/apache/syncope/core/persistence/jpa/entity/task/JPATaskUtils.class
[[1;34mINFO[m] Successfully discovered types for classes in file: /home/leonardo/uni/isw2/SyncopeNoTest/core/persistence-jpa/target/classes/org/apache/syncope/core/persistence/jpa/entity/task/AbstractTask.class
[[1;34mINFO[m] Successfully discovered types for classes in file: /home/leonardo/uni/isw2/SyncopeNoTest/core/persistence-jpa/target/classes/org/apache/syncope/core/persistence/jpa/entity/task/JPATaskUtilsFactory.class
[[1;34mINFO[m] Successfully discovered types for classes in file: /home/leonardo/uni/isw2/SyncopeNoTest/core/persistence-jpa/target/classes/org/apache/syncope/core/persistence/jpa/entity/task/JPAPushTaskExec.class
[[1;34mINFO[m] Successfully discovered types for classes in file: /home/leonardo/uni/isw2/SyncopeNoTest/core/persistence-jpa/target/classes/org/apache/syncope/core/persistence/jpa/entity/task/JPAPullTaskExec.class
[[1;34mINFO[m] Successfully discovered types for classes in file: /home/leonardo/uni/isw2/SyncopeNoTest/core/persistence-jpa/target/classes/org/apache/syncope/core/persistence/jpa/entity/task/JPALiveSyncTaskExec.class
[[1;34mINFO[m] Successfully discovered types for classes in file: /home/leonardo/uni/isw2/SyncopeNoTest/core/persistence-jpa/target/classes/org/apache/syncope/core/persistence/jpa/entity/task/JPAMacroTask.class
[[1;34mINFO[m] Successfully discovered types for classes in file: /home/leonardo/uni/isw2/SyncopeNoTest/core/persistence-jpa/target/classes/org/apache/syncope/core/persistence/jpa/entity/task/JPAAnyTemplateLiveSyncTask.class
[[1;34mINFO[m] Successfully discovered types for classes in file: /home/leonardo/uni/isw2/SyncopeNoTest/core/persistence-jpa/target/classes/org/apache/syncope/core/persistence/jpa/entity/task/JPATaskUtils$1.class
[[1;34mINFO[m] Successfully discovered types for classes in file: /home/leonardo/uni/isw2/SyncopeNoTest/core/persistence-jpa/target/classes/org/apache/syncope/core/persistence/jpa/entity/task/JPANotificationTaskExec.class
[[1;34mINFO[m] Successfully discovered types for classes in file: /home/leonardo/uni/isw2/SyncopeNoTest/core/persistence-jpa/target/classes/org/apache/syncope/core/persistence/jpa/entity/task/JPAAnyTemplatePullTask.class
[[1;34mINFO[m] Successfully discovered types for classes in file: /home/leonardo/uni/isw2/SyncopeNoTest/core/persistence-jpa/target/classes/org/apache/syncope/core/persistence/jpa/entity/JPARole.class
[[1;34mINFO[m] Successfully discovered types for classes in file: /home/leonardo/uni/isw2/SyncopeNoTest/core/persistence-jpa/target/classes/org/apache/syncope/core/persistence/jpa/entity/AbstractRelatable.class
[[1;34mINFO[m] Successfully discovered types for classes in file: /home/leonardo/uni/isw2/SyncopeNoTest/core/persistence-jpa/target/classes/org/apache/syncope/core/persistence/jpa/entity/AbstractEntity.class
[[1;34mINFO[m] Successfully discovered types for classes in file: /home/leonardo/uni/isw2/SyncopeNoTest/core/persistence-jpa/target/classes/org/apache/syncope/core/persistence/jpa/entity/JPADelegation.class
[[1;34mINFO[m] Successfully discovered types for classes in file: /home/leonardo/uni/isw2/SyncopeNoTest/core/persistence-jpa/target/classes/org/apache/syncope/core/persistence/jpa/entity/AbstractGeneratedKeyEntity.class
[[1;34mINFO[m] Successfully discovered types for classes in file: /home/leonardo/uni/isw2/SyncopeNoTest/core/persistence-jpa/target/classes/org/apache/syncope/core/persistence/jpa/entity/PGEntityFactory.class
[[1;34mINFO[m] Successfully discovered types for classes in file: /home/leonardo/uni/isw2/SyncopeNoTest/core/persistence-jpa/target/classes/org/apache/syncope/core/persistence/jpa/entity/keymaster/JPAConfParam.class
[[1;34mINFO[m] Successfully discovered types for classes in file: /home/leonardo/uni/isw2/SyncopeNoTest/core/persistence-jpa/target/classes/org/apache/syncope/core/persistence/jpa/entity/keymaster/JPANetworkService.class
[[1;34mINFO[m] Successfully discovered types for classes in file: /home/leonardo/uni/isw2/SyncopeNoTest/core/persistence-jpa/target/classes/org/apache/syncope/core/persistence/jpa/entity/keymaster/JPADomain.class
[[1;34mINFO[m] Successfully discovered types for classes in file: /home/leonardo/uni/isw2/SyncopeNoTest/core/persistence-jpa/target/classes/org/apache/syncope/core/persistence/jpa/entity/AbstractAnyTemplate.class
[[1;34mINFO[m] Successfully discovered types for classes in file: /home/leonardo/uni/isw2/SyncopeNoTest/core/persistence-jpa/target/classes/org/apache/syncope/core/persistence/jpa/entity/OracleEntityFactory.class
[[1;34mINFO[m] Successfully discovered types for classes in file: /home/leonardo/uni/isw2/SyncopeNoTest/core/persistence-jpa/target/classes/org/apache/syncope/core/persistence/jpa/entity/JPAFIQLQuery.class
[[1;34mINFO[m] Successfully discovered types for classes in file: /home/leonardo/uni/isw2/SyncopeNoTest/core/persistence-jpa/target/classes/org/apache/syncope/core/persistence/jpa/entity/JPADerSchema.class
[[1;34mINFO[m] Successfully discovered types for classes in file: /home/leonardo/uni/isw2/SyncopeNoTest/core/persistence-jpa/target/classes/org/apache/syncope/core/persistence/jpa/entity/JPAAnyType.class
[[1;34mINFO[m] Successfully discovered types for classes in file: /home/leonardo/uni/isw2/SyncopeNoTest/core/persistence-jpa/target/classes/org/apache/syncope/core/persistence/jpa/entity/JPAReportExec.class
[[1;34mINFO[m] Successfully discovered types for classes in file: /home/leonardo/uni/isw2/SyncopeNoTest/core/persistence-jpa/target/classes/org/apache/syncope/core/persistence/jpa/entity/JPAExternalResource.class
[[1;34mINFO[m] Successfully discovered types for classes in file: /home/leonardo/uni/isw2/SyncopeNoTest/core/persistence-jpa/target/classes/org/apache/syncope/core/persistence/jpa/entity/JPAConnInstance.class
[[1;34mINFO[m] Successfully discovered types for classes in file: /home/leonardo/uni/isw2/SyncopeNoTest/core/persistence-jpa/target/classes/org/apache/syncope/core/persistence/jpa/entity/JPAAuditEvent$1.class
[[1;34mINFO[m] Successfully discovered types for classes in file: /home/leonardo/uni/isw2/SyncopeNoTest/core/persistence-jpa/target/classes/org/apache/syncope/core/persistence/jpa/entity/policy/AbstractCorrelationRuleEntity.class
[[1;34mINFO[m] Successfully discovered types for classes in file: /home/leonardo/uni/isw2/SyncopeNoTest/core/persistence-jpa/target/classes/org/apache/syncope/core/persistence/jpa/entity/policy/AbstractProvisioningPolicy.class
[[1;34mINFO[m] Successfully discovered types for classes in file: /home/leonardo/uni/isw2/SyncopeNoTest/core/persistence-jpa/target/classes/org/apache/syncope/core/persistence/jpa/entity/policy/JPAAuthPolicy.class
[[1;34mINFO[m] Successfully discovered types for classes in file: /home/leonardo/uni/isw2/SyncopeNoTest/core/persistence-jpa/target/classes/org/apache/syncope/core/persistence/jpa/entity/policy/JPAAccessPolicy.class
[[1;34mINFO[m] Successfully discovered types for classes in file: /home/leonardo/uni/isw2/SyncopeNoTest/core/persistence-jpa/target/classes/org/apache/syncope/core/persistence/jpa/entity/policy/AbstractPolicy.class
[[1;34mINFO[m] Successfully discovered types for classes in file: /home/leonardo/uni/isw2/SyncopeNoTest/core/persistence-jpa/target/classes/org/apache/syncope/core/persistence/jpa/entity/policy/JPAInboundPolicy.class
[[1;34mINFO[m] Successfully discovered types for classes in file: /home/leonardo/uni/isw2/SyncopeNoTest/core/persistence-jpa/target/classes/org/apache/syncope/core/persistence/jpa/entity/policy/JPAAccountPolicy.class
[[1;34mINFO[m] Successfully discovered types for classes in file: /home/leonardo/uni/isw2/SyncopeNoTest/core/persistence-jpa/target/classes/org/apache/syncope/core/persistence/jpa/entity/policy/JPAInboundCorrelationRuleEntity.class
[[1;34mINFO[m] Successfully discovered types for classes in file: /home/leonardo/uni/isw2/SyncopeNoTest/core/persistence-jpa/target/classes/org/apache/syncope/core/persistence/jpa/entity/policy/JPAAttrReleasePolicy.class
[[1;34mINFO[m] Successfully discovered types for classes in file: /home/leonardo/uni/isw2/SyncopeNoTest/core/persistence-jpa/target/classes/org/apache/syncope/core/persistence/jpa/entity/policy/JPAPropagationPolicy.class
[[1;34mINFO[m] Successfully discovered types for classes in file: /home/leonardo/uni/isw2/SyncopeNoTest/core/persistence-jpa/target/classes/org/apache/syncope/core/persistence/jpa/entity/policy/JPAPushCorrelationRuleEntity.class
[[1;34mINFO[m] Successfully discovered types for classes in file: /home/leonardo/uni/isw2/SyncopeNoTest/core/persistence-jpa/target/classes/org/apache/syncope/core/persistence/jpa/entity/policy/JPATicketExpirationPolicy.class
[[1;34mINFO[m] Successfully discovered types for classes in file: /home/leonardo/uni/isw2/SyncopeNoTest/core/persistence-jpa/target/classes/org/apache/syncope/core/persistence/jpa/entity/policy/JPAPushPolicy.class
[[1;34mINFO[m] Successfully discovered types for classes in file: /home/leonardo/uni/isw2/SyncopeNoTest/core/persistence-jpa/target/classes/org/apache/syncope/core/persistence/jpa/entity/policy/JPAPasswordPolicy.class
[[1;34mINFO[m] Successfully discovered types for classes in file: /home/leonardo/uni/isw2/SyncopeNoTest/core/persistence-jpa/target/classes/org/apache/syncope/core/persistence/jpa/entity/AbstractExec.class
[[1;34mINFO[m] Successfully discovered types for classes in file: /home/leonardo/uni/isw2/SyncopeNoTest/core/persistence-jpa/target/classes/org/apache/syncope/core/persistence/jpa/entity/EntityValidationListener.class
[[1;34mINFO[m] Successfully discovered types for classes in file: /home/leonardo/uni/isw2/SyncopeNoTest/core/persistence-jpa/target/classes/org/apache/syncope/core/persistence/jpa/entity/AbstractProvidedKeyEntity.class
[[1;34mINFO[m] Successfully discovered types for classes in file: /home/leonardo/uni/isw2/SyncopeNoTest/core/persistence-jpa/target/classes/org/apache/syncope/core/persistence/jpa/entity/JPAAnyAbout.class
[[1;34mINFO[m] Successfully discovered types for classes in file: /home/leonardo/uni/isw2/SyncopeNoTest/core/persistence-jpa/target/classes/org/apache/syncope/core/persistence/jpa/entity/AbstractGroupableRelatable.class
[[1;34mINFO[m] Successfully discovered types for classes in file: /home/leonardo/uni/isw2/SyncopeNoTest/core/persistence-jpa/target/classes/org/apache/syncope/core/persistence/jpa/entity/JPAMailTemplate.class
[[1;34mINFO[m] Successfully discovered types for classes in file: /home/leonardo/uni/isw2/SyncopeNoTest/core/persistence-jpa/target/classes/org/apache/syncope/core/persistence/jpa/entity/JPARemediation.class
[[1;34mINFO[m] Successfully discovered types for classes in file: /home/leonardo/uni/isw2/SyncopeNoTest/core/persistence-jpa/target/classes/org/apache/syncope/core/persistence/jpa/entity/JPAAuditEvent.class
[[1;34mINFO[m] Successfully discovered types for classes in file: /home/leonardo/uni/isw2/SyncopeNoTest/core/persistence-jpa/target/classes/org/apache/syncope/core/persistence/jpa/entity/user/JPASecurityQuestion.class
[[1;34mINFO[m] Successfully discovered types for classes in file: /home/leonardo/uni/isw2/SyncopeNoTest/core/persistence-jpa/target/classes/org/apache/syncope/core/persistence/jpa/entity/user/JPALinkedAccount.class
[[1;34mINFO[m] Successfully discovered types for classes in file: /home/leonardo/uni/isw2/SyncopeNoTest/core/persistence-jpa/target/classes/org/apache/syncope/core/persistence/jpa/entity/user/JPAURelationship.class
[[1;34mINFO[m] Successfully discovered types for classes in file: /home/leonardo/uni/isw2/SyncopeNoTest/core/persistence-jpa/target/classes/org/apache/syncope/core/persistence/jpa/entity/user/JPAUser.class
[[1;34mINFO[m] Successfully discovered types for classes in file: /home/leonardo/uni/isw2/SyncopeNoTest/core/persistence-jpa/target/classes/org/apache/syncope/core/persistence/jpa/entity/user/JPAUMembership.class
[[1;34mINFO[m] Successfully discovered types for classes in file: /home/leonardo/uni/isw2/SyncopeNoTest/core/persistence-jpa/target/classes/org/apache/syncope/core/persistence/jpa/entity/AbstractEntityFactory.class
[[1;34mINFO[m] Successfully discovered types for classes in file: /home/leonardo/uni/isw2/SyncopeNoTest/core/persistence-jpa/target/classes/org/apache/syncope/core/persistence/jpa/entity/JPARelationshipTypeExtension.class
[[1;34mINFO[m] Successfully discovered types for classes in file: /home/leonardo/uni/isw2/SyncopeNoTest/core/persistence-jpa/target/classes/org/apache/syncope/core/persistence/jpa/entity/JPASRARoute.class
[[1;34mINFO[m] Successfully discovered types for classes in file: /home/leonardo/uni/isw2/SyncopeNoTest/core/persistence-jpa/target/classes/org/apache/syncope/core/persistence/jpa/entity/JPANotification.class
[[1;34mINFO[m] Successfully discovered types for classes in file: /home/leonardo/uni/isw2/SyncopeNoTest/core/persistence-jpa/target/classes/org/apache/syncope/core/persistence/jpa/entity/MySQLEntityFactory.class
[[1;34mINFO[m] Successfully discovered types for classes in file: /home/leonardo/uni/isw2/SyncopeNoTest/core/persistence-jpa/target/classes/org/apache/syncope/core/persistence/jpa/entity/JPARealm.class
[[1;34mINFO[m] Successfully discovered types for classes in file: /home/leonardo/uni/isw2/SyncopeNoTest/core/persistence-jpa/target/classes/org/apache/syncope/core/persistence/jpa/entity/JPAJobStatus.class
[[1;34mINFO[m] Successfully discovered types for classes in file: /home/leonardo/uni/isw2/SyncopeNoTest/core/persistence-jpa/target/classes/org/apache/syncope/core/persistence/jpa/entity/JPAAnyTypeClass.class
[[1;34mINFO[m] Successfully discovered types for classes in file: /home/leonardo/uni/isw2/SyncopeNoTest/core/persistence-jpa/target/classes/org/apache/syncope/core/persistence/jpa/entity/JPAReport.class
[[1;34mINFO[m] Successfully discovered types for classes in file: /home/leonardo/uni/isw2/SyncopeNoTest/core/persistence-jpa/target/classes/org/apache/syncope/core/persistence/jpa/entity/AbstractTypeExtension.class
[[1;34mINFO[m] Successfully discovered types for classes in file: /home/leonardo/uni/isw2/SyncopeNoTest/core/persistence-jpa/target/classes/org/apache/syncope/core/persistence/jpa/entity/JPARelationshipType.class
[[1;34mINFO[m] Successfully discovered types for classes in file: /home/leonardo/uni/isw2/SyncopeNoTest/core/persistence-jpa/target/classes/org/apache/syncope/core/persistence/jpa/entity/MariaDBEntityFactory.class
[[1;34mINFO[m] Successfully discovered types for classes in file: /home/leonardo/uni/isw2/SyncopeNoTest/core/persistence-jpa/target/classes/org/apache/syncope/core/persistence/jpa/entity/AbstractAttributable.class
[[1;34mINFO[m] Successfully discovered types for classes in file: /home/leonardo/uni/isw2/SyncopeNoTest/core/persistence-jpa/target/classes/org/apache/syncope/core/persistence/jpa/entity/anyobject/JPAAnyObject.class
[[1;34mINFO[m] Successfully discovered types for classes in file: /home/leonardo/uni/isw2/SyncopeNoTest/core/persistence-jpa/target/classes/org/apache/syncope/core/persistence/jpa/entity/anyobject/JPAARelationship.class
[[1;34mINFO[m] Successfully discovered types for classes in file: /home/leonardo/uni/isw2/SyncopeNoTest/core/persistence-jpa/target/classes/org/apache/syncope/core/persistence/jpa/entity/anyobject/JPAAMembership.class
[[1;34mINFO[m] Successfully discovered types for classes in file: /home/leonardo/uni/isw2/SyncopeNoTest/core/persistence-jpa/target/classes/org/apache/syncope/core/persistence/jpa/entity/JPAAccessToken.class
[[1;34mINFO[m] Successfully discovered types for classes in file: /home/leonardo/uni/isw2/SyncopeNoTest/core/persistence-jpa/target/classes/org/apache/syncope/core/persistence/jpa/entity/JPAAnyTemplateRealm.class
[[1;34mINFO[m] Successfully discovered types for classes in file: /home/leonardo/uni/isw2/SyncopeNoTest/core/persistence-jpa/target/classes/org/apache/syncope/core/persistence/jpa/entity/group/JPAGroup.class
[[1;34mINFO[m] Successfully discovered types for classes in file: /home/leonardo/uni/isw2/SyncopeNoTest/core/persistence-jpa/target/classes/org/apache/syncope/core/persistence/jpa/entity/group/JPAGRelationship.class
[[1;34mINFO[m] Successfully discovered types for classes in file: /home/leonardo/uni/isw2/SyncopeNoTest/core/persistence-jpa/target/classes/org/apache/syncope/core/persistence/jpa/entity/group/JPAGroupTypeExtension.class
[[1;34mINFO[m] Successfully discovered types for classes in file: /home/leonardo/uni/isw2/SyncopeNoTest/core/persistence-jpa/target/classes/org/apache/syncope/core/persistence/jpa/entity/JPAAuditConf.class
[[1;34mINFO[m] Successfully discovered types for classes in file: /home/leonardo/uni/isw2/SyncopeNoTest/core/persistence-jpa/target/classes/org/apache/syncope/core/persistence/jpa/entity/AbstractSchema.class
[[1;34mINFO[m] Successfully discovered types for classes in file: /home/leonardo/uni/isw2/SyncopeNoTest/core/persistence-jpa/target/classes/org/apache/syncope/core/persistence/jpa/entity/JPAPlainSchema.class
[[1;34mINFO[m] Skipping file: /home/leonardo/uni/isw2/SyncopeNoTest/core/persistence-jpa/target/classes/org/apache/syncope/core/persistence/jpa/entity/JPAImplementation.class
[[1;34mINFO[m] Skipping file: /home/leonardo/uni/isw2/SyncopeNoTest/core/persistence-jpa/target/classes/org/apache/syncope/core/persistence/jpa/entity/JPABatch.class
[[1;34mINFO[m] Skipping file: /home/leonardo/uni/isw2/SyncopeNoTest/core/persistence-jpa/target/classes/org/apache/syncope/core/persistence/jpa/entity/AbstractAny.class
[[1;34mINFO[m] Skipping file: /home/leonardo/uni/isw2/SyncopeNoTest/core/persistence-jpa/target/classes/org/apache/syncope/core/persistence/jpa/entity/am/JPAOIDCRPClientApp.class
[[1;34mINFO[m] Skipping file: /home/leonardo/uni/isw2/SyncopeNoTest/core/persistence-jpa/target/classes/org/apache/syncope/core/persistence/jpa/entity/am/JPASAML2IdPEntity.class
[[1;34mINFO[m] Skipping file: /home/leonardo/uni/isw2/SyncopeNoTest/core/persistence-jpa/target/classes/org/apache/syncope/core/persistence/jpa/entity/am/JPAAuthProfile.class
[[1;34mINFO[m] Skipping file: /home/leonardo/uni/isw2/SyncopeNoTest/core/persistence-jpa/target/classes/org/apache/syncope/core/persistence/jpa/entity/am/JPAWAConfigEntry.class
[[1;34mINFO[m] Skipping file: /home/leonardo/uni/isw2/SyncopeNoTest/core/persistence-jpa/target/classes/org/apache/syncope/core/persistence/jpa/entity/am/JPAAuthModule.class
[[1;34mINFO[m] Skipping file: /home/leonardo/uni/isw2/SyncopeNoTest/core/persistence-jpa/target/classes/org/apache/syncope/core/persistence/jpa/entity/am/JPAPasswordManagement.class
[[1;34mINFO[m] Skipping file: /home/leonardo/uni/isw2/SyncopeNoTest/core/persistence-jpa/target/classes/org/apache/syncope/core/persistence/jpa/entity/am/JPAOIDCOpEntity.class
[[1;34mINFO[m] Skipping file: /home/leonardo/uni/isw2/SyncopeNoTest/core/persistence-jpa/target/classes/org/apache/syncope/core/persistence/jpa/entity/am/JPAAttrRepo.class
[[1;34mINFO[m] Skipping file: /home/leonardo/uni/isw2/SyncopeNoTest/core/persistence-jpa/target/classes/org/apache/syncope/core/persistence/jpa/entity/am/JPASAML2SPClientApp.class
[[1;34mINFO[m] Skipping file: /home/leonardo/uni/isw2/SyncopeNoTest/core/persistence-jpa/target/classes/org/apache/syncope/core/persistence/jpa/entity/am/AbstractClientApp.class
[[1;34mINFO[m] Skipping file: /home/leonardo/uni/isw2/SyncopeNoTest/core/persistence-jpa/target/classes/org/apache/syncope/core/persistence/jpa/entity/am/JPACASSPClientApp.class
[[1;34mINFO[m] Skipping file: /home/leonardo/uni/isw2/SyncopeNoTest/core/persistence-jpa/target/classes/org/apache/syncope/core/persistence/jpa/entity/task/JPAPropagationTaskExec.class
[[1;34mINFO[m] Skipping file: /home/leonardo/uni/isw2/SyncopeNoTest/core/persistence-jpa/target/classes/org/apache/syncope/core/persistence/jpa/entity/task/JPAPullTask.class
[[1;34mINFO[m] Skipping file: /home/leonardo/uni/isw2/SyncopeNoTest/core/persistence-jpa/target/classes/org/apache/syncope/core/persistence/jpa/entity/task/AbstractSchedTask.class
[[1;34mINFO[m] Skipping file: /home/leonardo/uni/isw2/SyncopeNoTest/core/persistence-jpa/target/classes/org/apache/syncope/core/persistence/jpa/entity/task/JPALiveSyncTask.class
[[1;34mINFO[m] Skipping file: /home/leonardo/uni/isw2/SyncopeNoTest/core/persistence-jpa/target/classes/org/apache/syncope/core/persistence/jpa/entity/task/JPAFormPropertyDef.class
[[1;34mINFO[m] Skipping file: /home/leonardo/uni/isw2/SyncopeNoTest/core/persistence-jpa/target/classes/org/apache/syncope/core/persistence/jpa/entity/task/JPANotificationTask.class
[[1;34mINFO[m] Skipping file: /home/leonardo/uni/isw2/SyncopeNoTest/core/persistence-jpa/target/classes/org/apache/syncope/core/persistence/jpa/entity/task/JPAPushTask.class
[[1;34mINFO[m] Skipping file: /home/leonardo/uni/isw2/SyncopeNoTest/core/persistence-jpa/target/classes/org/apache/syncope/core/persistence/jpa/entity/task/AbstractInboundTask.class
[[1;34mINFO[m] Skipping file: /home/leonardo/uni/isw2/SyncopeNoTest/core/persistence-jpa/target/classes/org/apache/syncope/core/persistence/jpa/entity/task/JPASchedTask.class
[[1;34mINFO[m] Skipping file: /home/leonardo/uni/isw2/SyncopeNoTest/core/persistence-jpa/target/classes/org/apache/syncope/core/persistence/jpa/entity/task/JPAMacroTaskExec.class
[[1;34mINFO[m] Skipping file: /home/leonardo/uni/isw2/SyncopeNoTest/core/persistence-jpa/target/classes/org/apache/syncope/core/persistence/jpa/entity/task/JPAMacroTaskCommand.class
[[1;34mINFO[m] Skipping file: /home/leonardo/uni/isw2/SyncopeNoTest/core/persistence-jpa/target/classes/org/apache/syncope/core/persistence/jpa/entity/task/JPAPropagationTask.class
[[1;34mINFO[m] Skipping file: /home/leonardo/uni/isw2/SyncopeNoTest/core/persistence-jpa/target/classes/org/apache/syncope/core/persistence/jpa/entity/task/AbstractTaskExec.class
[[1;34mINFO[m] Skipping file: /home/leonardo/uni/isw2/SyncopeNoTest/core/persistence-jpa/target/classes/org/apache/syncope/core/persistence/jpa/entity/task/JPASchedTaskExec.class
[[1;34mINFO[m] Skipping file: /home/leonardo/uni/isw2/SyncopeNoTest/core/persistence-jpa/target/classes/org/apache/syncope/core/persistence/jpa/entity/task/AbstractProvisioningTask.class
[[1;34mINFO[m] Skipping file: /home/leonardo/uni/isw2/SyncopeNoTest/core/persistence-jpa/target/classes/org/apache/syncope/core/persistence/jpa/entity/task/JPATaskUtils.class
[[1;34mINFO[m] Skipping file: /home/leonardo/uni/isw2/SyncopeNoTest/core/persistence-jpa/target/classes/org/apache/syncope/core/persistence/jpa/entity/task/AbstractTask.class
[[1;34mINFO[m] Skipping file: /home/leonardo/uni/isw2/SyncopeNoTest/core/persistence-jpa/target/classes/org/apache/syncope/core/persistence/jpa/entity/task/JPATaskUtilsFactory.class
[[1;34mINFO[m] Skipping file: /home/leonardo/uni/isw2/SyncopeNoTest/core/persistence-jpa/target/classes/org/apache/syncope/core/persistence/jpa/entity/task/JPAPushTaskExec.class
[[1;34mINFO[m] Skipping file: /home/leonardo/uni/isw2/SyncopeNoTest/core/persistence-jpa/target/classes/org/apache/syncope/core/persistence/jpa/entity/task/JPAPullTaskExec.class
[[1;34mINFO[m] Skipping file: /home/leonardo/uni/isw2/SyncopeNoTest/core/persistence-jpa/target/classes/org/apache/syncope/core/persistence/jpa/entity/task/JPALiveSyncTaskExec.class
[[1;34mINFO[m] Skipping file: /home/leonardo/uni/isw2/SyncopeNoTest/core/persistence-jpa/target/classes/org/apache/syncope/core/persistence/jpa/entity/task/JPAMacroTask.class
[[1;34mINFO[m] Skipping file: /home/leonardo/uni/isw2/SyncopeNoTest/core/persistence-jpa/target/classes/org/apache/syncope/core/persistence/jpa/entity/task/JPAAnyTemplateLiveSyncTask.class
[[1;34mINFO[m] Skipping file: /home/leonardo/uni/isw2/SyncopeNoTest/core/persistence-jpa/target/classes/org/apache/syncope/core/persistence/jpa/entity/task/JPATaskUtils$1.class
[[1;34mINFO[m] Skipping file: /home/leonardo/uni/isw2/SyncopeNoTest/core/persistence-jpa/target/classes/org/apache/syncope/core/persistence/jpa/entity/task/JPANotificationTaskExec.class
[[1;34mINFO[m] Skipping file: /home/leonardo/uni/isw2/SyncopeNoTest/core/persistence-jpa/target/classes/org/apache/syncope/core/persistence/jpa/entity/task/JPAAnyTemplatePullTask.class
[[1;34mINFO[m] Skipping file: /home/leonardo/uni/isw2/SyncopeNoTest/core/persistence-jpa/target/classes/org/apache/syncope/core/persistence/jpa/entity/JPARole.class
[[1;34mINFO[m] Skipping file: /home/leonardo/uni/isw2/SyncopeNoTest/core/persistence-jpa/target/classes/org/apache/syncope/core/persistence/jpa/entity/AbstractRelatable.class
[[1;34mINFO[m] Skipping file: /home/leonardo/uni/isw2/SyncopeNoTest/core/persistence-jpa/target/classes/org/apache/syncope/core/persistence/jpa/entity/AbstractEntity.class
[[1;34mINFO[m] Skipping file: /home/leonardo/uni/isw2/SyncopeNoTest/core/persistence-jpa/target/classes/org/apache/syncope/core/persistence/jpa/entity/JPADelegation.class
[[1;34mINFO[m] Skipping file: /home/leonardo/uni/isw2/SyncopeNoTest/core/persistence-jpa/target/classes/org/apache/syncope/core/persistence/jpa/entity/AbstractGeneratedKeyEntity.class
[[1;34mINFO[m] Skipping file: /home/leonardo/uni/isw2/SyncopeNoTest/core/persistence-jpa/target/classes/org/apache/syncope/core/persistence/jpa/entity/PGEntityFactory.class
[[1;34mINFO[m] Skipping file: /home/leonardo/uni/isw2/SyncopeNoTest/core/persistence-jpa/target/classes/org/apache/syncope/core/persistence/jpa/entity/keymaster/JPAConfParam.class
[[1;34mINFO[m] Skipping file: /home/leonardo/uni/isw2/SyncopeNoTest/core/persistence-jpa/target/classes/org/apache/syncope/core/persistence/jpa/entity/keymaster/JPANetworkService.class
[[1;34mINFO[m] Skipping file: /home/leonardo/uni/isw2/SyncopeNoTest/core/persistence-jpa/target/classes/org/apache/syncope/core/persistence/jpa/entity/keymaster/JPADomain.class
[[1;34mINFO[m] Skipping file: /home/leonardo/uni/isw2/SyncopeNoTest/core/persistence-jpa/target/classes/org/apache/syncope/core/persistence/jpa/entity/AbstractAnyTemplate.class
[[1;34mINFO[m] Skipping file: /home/leonardo/uni/isw2/SyncopeNoTest/core/persistence-jpa/target/classes/org/apache/syncope/core/persistence/jpa/entity/OracleEntityFactory.class
[[1;34mINFO[m] Skipping file: /home/leonardo/uni/isw2/SyncopeNoTest/core/persistence-jpa/target/classes/org/apache/syncope/core/persistence/jpa/entity/JPAFIQLQuery.class
[[1;34mINFO[m] Skipping file: /home/leonardo/uni/isw2/SyncopeNoTest/core/persistence-jpa/target/classes/org/apache/syncope/core/persistence/jpa/entity/JPADerSchema.class
[[1;34mINFO[m] Skipping file: /home/leonardo/uni/isw2/SyncopeNoTest/core/persistence-jpa/target/classes/org/apache/syncope/core/persistence/jpa/entity/JPAAnyType.class
[[1;34mINFO[m] Skipping file: /home/leonardo/uni/isw2/SyncopeNoTest/core/persistence-jpa/target/classes/org/apache/syncope/core/persistence/jpa/entity/JPAReportExec.class
[[1;34mINFO[m] Skipping file: /home/leonardo/uni/isw2/SyncopeNoTest/core/persistence-jpa/target/classes/org/apache/syncope/core/persistence/jpa/entity/JPAExternalResource.class
[[1;34mINFO[m] Skipping file: /home/leonardo/uni/isw2/SyncopeNoTest/core/persistence-jpa/target/classes/org/apache/syncope/core/persistence/jpa/entity/JPAConnInstance.class
[[1;34mINFO[m] Skipping file: /home/leonardo/uni/isw2/SyncopeNoTest/core/persistence-jpa/target/classes/org/apache/syncope/core/persistence/jpa/entity/JPAAuditEvent$1.class
[[1;34mINFO[m] Skipping file: /home/leonardo/uni/isw2/SyncopeNoTest/core/persistence-jpa/target/classes/org/apache/syncope/core/persistence/jpa/entity/policy/AbstractCorrelationRuleEntity.class
[[1;34mINFO[m] Skipping file: /home/leonardo/uni/isw2/SyncopeNoTest/core/persistence-jpa/target/classes/org/apache/syncope/core/persistence/jpa/entity/policy/AbstractProvisioningPolicy.class
[[1;34mINFO[m] Skipping file: /home/leonardo/uni/isw2/SyncopeNoTest/core/persistence-jpa/target/classes/org/apache/syncope/core/persistence/jpa/entity/policy/JPAAuthPolicy.class
[[1;34mINFO[m] Skipping file: /home/leonardo/uni/isw2/SyncopeNoTest/core/persistence-jpa/target/classes/org/apache/syncope/core/persistence/jpa/entity/policy/JPAAccessPolicy.class
[[1;34mINFO[m] Skipping file: /home/leonardo/uni/isw2/SyncopeNoTest/core/persistence-jpa/target/classes/org/apache/syncope/core/persistence/jpa/entity/policy/AbstractPolicy.class
[[1;34mINFO[m] Skipping file: /home/leonardo/uni/isw2/SyncopeNoTest/core/persistence-jpa/target/classes/org/apache/syncope/core/persistence/jpa/entity/policy/JPAInboundPolicy.class
[[1;34mINFO[m] Skipping file: /home/leonardo/uni/isw2/SyncopeNoTest/core/persistence-jpa/target/classes/org/apache/syncope/core/persistence/jpa/entity/policy/JPAAccountPolicy.class
[[1;34mINFO[m] Skipping file: /home/leonardo/uni/isw2/SyncopeNoTest/core/persistence-jpa/target/classes/org/apache/syncope/core/persistence/jpa/entity/policy/JPAInboundCorrelationRuleEntity.class
[[1;34mINFO[m] Skipping file: /home/leonardo/uni/isw2/SyncopeNoTest/core/persistence-jpa/target/classes/org/apache/syncope/core/persistence/jpa/entity/policy/JPAAttrReleasePolicy.class
[[1;34mINFO[m] Skipping file: /home/leonardo/uni/isw2/SyncopeNoTest/core/persistence-jpa/target/classes/org/apache/syncope/core/persistence/jpa/entity/policy/JPAPropagationPolicy.class
[[1;34mINFO[m] Skipping file: /home/leonardo/uni/isw2/SyncopeNoTest/core/persistence-jpa/target/classes/org/apache/syncope/core/persistence/jpa/entity/policy/JPAPushCorrelationRuleEntity.class
[[1;34mINFO[m] Skipping file: /home/leonardo/uni/isw2/SyncopeNoTest/core/persistence-jpa/target/classes/org/apache/syncope/core/persistence/jpa/entity/policy/JPATicketExpirationPolicy.class
[[1;34mINFO[m] Skipping file: /home/leonardo/uni/isw2/SyncopeNoTest/core/persistence-jpa/target/classes/org/apache/syncope/core/persistence/jpa/entity/policy/JPAPushPolicy.class
[[1;34mINFO[m] Skipping file: /home/leonardo/uni/isw2/SyncopeNoTest/core/persistence-jpa/target/classes/org/apache/syncope/core/persistence/jpa/entity/policy/JPAPasswordPolicy.class
[[1;34mINFO[m] Skipping file: /home/leonardo/uni/isw2/SyncopeNoTest/core/persistence-jpa/target/classes/org/apache/syncope/core/persistence/jpa/entity/AbstractExec.class
[[1;34mINFO[m] Skipping file: /home/leonardo/uni/isw2/SyncopeNoTest/core/persistence-jpa/target/classes/org/apache/syncope/core/persistence/jpa/entity/EntityValidationListener.class
[[1;34mINFO[m] Skipping file: /home/leonardo/uni/isw2/SyncopeNoTest/core/persistence-jpa/target/classes/org/apache/syncope/core/persistence/jpa/entity/AbstractProvidedKeyEntity.class
[[1;34mINFO[m] Skipping file: /home/leonardo/uni/isw2/SyncopeNoTest/core/persistence-jpa/target/classes/org/apache/syncope/core/persistence/jpa/entity/JPAAnyAbout.class
[[1;34mINFO[m] Skipping file: /home/leonardo/uni/isw2/SyncopeNoTest/core/persistence-jpa/target/classes/org/apache/syncope/core/persistence/jpa/entity/AbstractGroupableRelatable.class
[[1;34mINFO[m] Skipping file: /home/leonardo/uni/isw2/SyncopeNoTest/core/persistence-jpa/target/classes/org/apache/syncope/core/persistence/jpa/entity/JPAMailTemplate.class
[[1;34mINFO[m] Skipping file: /home/leonardo/uni/isw2/SyncopeNoTest/core/persistence-jpa/target/classes/org/apache/syncope/core/persistence/jpa/entity/JPARemediation.class
[[1;34mINFO[m] Skipping file: /home/leonardo/uni/isw2/SyncopeNoTest/core/persistence-jpa/target/classes/org/apache/syncope/core/persistence/jpa/entity/JPAAuditEvent.class
[[1;34mINFO[m] Skipping file: /home/leonardo/uni/isw2/SyncopeNoTest/core/persistence-jpa/target/classes/org/apache/syncope/core/persistence/jpa/entity/user/JPASecurityQuestion.class
[[1;34mINFO[m] Skipping file: /home/leonardo/uni/isw2/SyncopeNoTest/core/persistence-jpa/target/classes/org/apache/syncope/core/persistence/jpa/entity/user/JPALinkedAccount.class
[[1;34mINFO[m] Skipping file: /home/leonardo/uni/isw2/SyncopeNoTest/core/persistence-jpa/target/classes/org/apache/syncope/core/persistence/jpa/entity/user/JPAURelationship.class
[[1;34mINFO[m] Skipping file: /home/leonardo/uni/isw2/SyncopeNoTest/core/persistence-jpa/target/classes/org/apache/syncope/core/persistence/jpa/entity/user/JPAUser.class
[[1;34mINFO[m] Skipping file: /home/leonardo/uni/isw2/SyncopeNoTest/core/persistence-jpa/target/classes/org/apache/syncope/core/persistence/jpa/entity/user/JPAUMembership.class
[[1;34mINFO[m] Skipping file: /home/leonardo/uni/isw2/SyncopeNoTest/core/persistence-jpa/target/classes/org/apache/syncope/core/persistence/jpa/entity/AbstractEntityFactory.class
[[1;34mINFO[m] Skipping file: /home/leonardo/uni/isw2/SyncopeNoTest/core/persistence-jpa/target/classes/org/apache/syncope/core/persistence/jpa/entity/JPARelationshipTypeExtension.class
[[1;34mINFO[m] Skipping file: /home/leonardo/uni/isw2/SyncopeNoTest/core/persistence-jpa/target/classes/org/apache/syncope/core/persistence/jpa/entity/JPASRARoute.class
[[1;34mINFO[m] Skipping file: /home/leonardo/uni/isw2/SyncopeNoTest/core/persistence-jpa/target/classes/org/apache/syncope/core/persistence/jpa/entity/JPANotification.class
[[1;34mINFO[m] Skipping file: /home/leonardo/uni/isw2/SyncopeNoTest/core/persistence-jpa/target/classes/org/apache/syncope/core/persistence/jpa/entity/MySQLEntityFactory.class
[[1;34mINFO[m] Skipping file: /home/leonardo/uni/isw2/SyncopeNoTest/core/persistence-jpa/target/classes/org/apache/syncope/core/persistence/jpa/entity/JPARealm.class
[[1;34mINFO[m] Skipping file: /home/leonardo/uni/isw2/SyncopeNoTest/core/persistence-jpa/target/classes/org/apache/syncope/core/persistence/jpa/entity/JPAJobStatus.class
[[1;34mINFO[m] Skipping file: /home/leonardo/uni/isw2/SyncopeNoTest/core/persistence-jpa/target/classes/org/apache/syncope/core/persistence/jpa/entity/JPAAnyTypeClass.class
[[1;34mINFO[m] Skipping file: /home/leonardo/uni/isw2/SyncopeNoTest/core/persistence-jpa/target/classes/org/apache/syncope/core/persistence/jpa/entity/JPAReport.class
[[1;34mINFO[m] Skipping file: /home/leonardo/uni/isw2/SyncopeNoTest/core/persistence-jpa/target/classes/org/apache/syncope/core/persistence/jpa/entity/AbstractTypeExtension.class
[[1;34mINFO[m] Skipping file: /home/leonardo/uni/isw2/SyncopeNoTest/core/persistence-jpa/target/classes/org/apache/syncope/core/persistence/jpa/entity/JPARelationshipType.class
[[1;34mINFO[m] Skipping file: /home/leonardo/uni/isw2/SyncopeNoTest/core/persistence-jpa/target/classes/org/apache/syncope/core/persistence/jpa/entity/MariaDBEntityFactory.class
[[1;34mINFO[m] Skipping file: /home/leonardo/uni/isw2/SyncopeNoTest/core/persistence-jpa/target/classes/org/apache/syncope/core/persistence/jpa/entity/AbstractAttributable.class
[[1;34mINFO[m] Skipping file: /home/leonardo/uni/isw2/SyncopeNoTest/core/persistence-jpa/target/classes/org/apache/syncope/core/persistence/jpa/entity/anyobject/JPAAnyObject.class
[[1;34mINFO[m] Skipping file: /home/leonardo/uni/isw2/SyncopeNoTest/core/persistence-jpa/target/classes/org/apache/syncope/core/persistence/jpa/entity/anyobject/JPAARelationship.class
[[1;34mINFO[m] Skipping file: /home/leonardo/uni/isw2/SyncopeNoTest/core/persistence-jpa/target/classes/org/apache/syncope/core/persistence/jpa/entity/anyobject/JPAAMembership.class
[[1;34mINFO[m] Skipping file: /home/leonardo/uni/isw2/SyncopeNoTest/core/persistence-jpa/target/classes/org/apache/syncope/core/persistence/jpa/entity/JPAAccessToken.class
[[1;34mINFO[m] Skipping file: /home/leonardo/uni/isw2/SyncopeNoTest/core/persistence-jpa/target/classes/org/apache/syncope/core/persistence/jpa/entity/JPAAnyTemplateRealm.class
[[1;34mINFO[m] Skipping file: /home/leonardo/uni/isw2/SyncopeNoTest/core/persistence-jpa/target/classes/org/apache/syncope/core/persistence/jpa/entity/group/JPAGroup.class
[[1;34mINFO[m] Skipping file: /home/leonardo/uni/isw2/SyncopeNoTest/core/persistence-jpa/target/classes/org/apache/syncope/core/persistence/jpa/entity/group/JPAGRelationship.class
[[1;34mINFO[m] Skipping file: /home/leonardo/uni/isw2/SyncopeNoTest/core/persistence-jpa/target/classes/org/apache/syncope/core/persistence/jpa/entity/group/JPAGroupTypeExtension.class
[[1;34mINFO[m] Skipping file: /home/leonardo/uni/isw2/SyncopeNoTest/core/persistence-jpa/target/classes/org/apache/syncope/core/persistence/jpa/entity/JPAAuditConf.class
[[1;34mINFO[m] Skipping file: /home/leonardo/uni/isw2/SyncopeNoTest/core/persistence-jpa/target/classes/org/apache/syncope/core/persistence/jpa/entity/AbstractSchema.class
[[1;34mINFO[m] Skipping file: /home/leonardo/uni/isw2/SyncopeNoTest/core/persistence-jpa/target/classes/org/apache/syncope/core/persistence/jpa/entity/JPAPlainSchema.class
[[1;34mINFO[m] 
[[1;34mINFO[m] [1m--- [0;32mresources:3.5.0:testResources[m [1m(default-testResources)[m @ [36msyncope-core-persistence-jpa[0;1m ---[m
[[1;34mINFO[m] Copying 0 resource from src/test/resources to target/test-classes
[[1;34mINFO[m] 
[[1;34mINFO[m] [1m--- [0;32mcompiler:3.15.0:testCompile[m [1m(default-testCompile)[m @ [36msyncope-core-persistence-jpa[0;1m ---[m
[[1;34mINFO[m] No sources to compile
[[1;34mINFO[m] 
[[1;34mINFO[m] [1m--- [0;32msurefire:3.5.5:test[m [1m(default-test)[m @ [36msyncope-core-persistence-jpa[0;1m ---[m
[[1;34mINFO[m] 
[[1;34mINFO[m] [1m--- [0;32mjacoco:0.8.14:report[m [1m(generate-code-coverage-report)[m @ [36msyncope-core-persistence-jpa[0;1m ---[m
[[1;34mINFO[m] Skipping JaCoCo execution due to missing execution data file.
[[1;34mINFO[m] 
[[1;34mINFO[m] [1m--- [0;32mjar:3.5.0:jar[m [1m(default-jar)[m @ [36msyncope-core-persistence-jpa[0;1m ---[m
[[1;34mINFO[m] Building jar: /home/leonardo/uni/isw2/SyncopeNoTest/core/persistence-jpa/target/syncope-core-persistence-jpa-5.0.0-SNAPSHOT.jar
[[1;34mINFO[m] 
[[1;34mINFO[m] [1m--- [0;32mmodernizer:3.3.0:modernizer[m [1m(modernizer-check)[m @ [36msyncope-core-persistence-jpa[0;1m ---[m
[[1;34mINFO[m] Skipping modernizer execution!
[[1;34mINFO[m] 
[[1;34mINFO[m] [1m--- [0;32mapache-rat:0.16.1:check[m [1m(rat-check)[m @ [36msyncope-core-persistence-jpa[0;1m ---[m
[[1;34mINFO[m] RAT will not execute since it is configured to be skipped via system property 'rat.skip'.
[[1;34mINFO[m] 
[[1;34mINFO[m] [1m--- [0;32mtools:1.4:verify-legal-files[m [1m(verify-legal-files)[m @ [36msyncope-core-persistence-jpa[0;1m ---[m
[[1;34mINFO[m] Checking legal files in: syncope-core-persistence-jpa-5.0.0-SNAPSHOT.jar
[[1;34mINFO[m] 
[[1;34mINFO[m] [1m---------< [0;36morg.apache.syncope.core:syncope-core-workflow-java[0;1m >---------[m
[[1;34mINFO[m] [1mBuilding Apache Syncope Core Workflow Java 5.0.0-SNAPSHOT        [21/22][m
[[1;34mINFO[m]   from core/workflow-java/pom.xml
[[1;34mINFO[m] [1m--------------------------------[ jar ]---------------------------------[m
[[1;34mINFO[m] Cache is DISABLED on project level for org.apache.syncope.core:syncope-core-workflow-java
[[1;34mINFO[m] 
[[1;34mINFO[m] [1m--- [0;32menforcer:3.6.2:enforce[m [1m(enforce-maven-version)[m @ [36msyncope-core-workflow-java[0;1m ---[m
[[1;34mINFO[m] 
[[1;34mINFO[m] [1m--- [0;32menforcer:3.6.2:enforce[m [1m(enforce-java-version)[m @ [36msyncope-core-workflow-java[0;1m ---[m
[[1;34mINFO[m] 
[[1;34mINFO[m] [1m--- [0;32menforcer:3.6.2:enforce[m [1m(default-cli)[m @ [36msyncope-core-workflow-java[0;1m ---[m
[[1;34mINFO[m] 
[[1;34mINFO[m] [1m--- [0;32mjacoco:0.8.14:prepare-agent[m [1m(prepare-jacoco-agent)[m @ [36msyncope-core-workflow-java[0;1m ---[m
[[1;34mINFO[m] argLine set to -javaagent:/home/leonardo/.m2/repository/org/jacoco/org.jacoco.agent/0.8.14/org.jacoco.agent-0.8.14-runtime.jar=destfile=/home/leonardo/uni/isw2/SyncopeNoTest/core/workflow-java/target/jacoco.exec -Xms512m -Xmx1024m -Xss256k
[[1;34mINFO[m] 
[[1;34mINFO[m] [1m--- [0;32mgplus:4.3.1:execute[m [1m(default)[m @ [36msyncope-core-workflow-java[0;1m ---[m
[[1;34mINFO[m] Using plugin classloader, includes GMavenPlus and project classpath.
[[1;34mINFO[m] Using Groovy 5.0.5 to perform execute.
[[1;34mINFO[m] 
[[1;34mINFO[m] [1m--- [0;32mremote-resources:3.3.0:process[m [1m(process-resource-bundles)[m @ [36msyncope-core-workflow-java[0;1m ---[m
[[1;34mINFO[m] Skipping remote resources execution.
[[1;34mINFO[m] 
[[1;34mINFO[m] [1m--- [0;32mresources:3.5.0:resources[m [1m(default-resources)[m @ [36msyncope-core-workflow-java[0;1m ---[m
[[1;34mINFO[m] Copying 1 resource from src/main/resources to target/classes
[[1;34mINFO[m] 
[[1;34mINFO[m] [1m--- [0;32mresources:3.5.0:copy-resources[m [1m(copy-artifact-legal-files)[m @ [36msyncope-core-workflow-java[0;1m ---[m
[[1;34mINFO[m] Copying 2 resources from ../.. to target/classes/META-INF
[[1;34mINFO[m] 
[[1;34mINFO[m] [1m--- [0;32mresources:3.5.0:copy-resources[m [1m(copy-javadoc-legal-files)[m @ [36msyncope-core-workflow-java[0;1m ---[m
[[1;34mINFO[m] Copying 2 resources from ../.. to target/reports/apidocs/META-INF
[[1;34mINFO[m] 
[[1;34mINFO[m] [1m--- [0;32mcompiler:3.15.0:compile[m [1m(default-compile)[m @ [36msyncope-core-workflow-java[0;1m ---[m
[[1;34mINFO[m] Nothing to compile - all classes are up to date.
[[1;34mINFO[m] 
[[1;34mINFO[m] [1m--- [0;32mresources:3.5.0:testResources[m [1m(default-testResources)[m @ [36msyncope-core-workflow-java[0;1m ---[m
[[1;34mINFO[m] skip non existing resourceDirectory /home/leonardo/uni/isw2/SyncopeNoTest/core/workflow-java/src/test/resources
[[1;34mINFO[m] Copying 0 resource from ../persistence-jpa/src/test/resources to target/test-classes
[[1;34mINFO[m] Copying 2 resources from ../provisioning-java/src/test/resources to target/test-classes
[[1;34mINFO[m] 
[[1;34mINFO[m] [1m--- [0;32mcompiler:3.15.0:testCompile[m [1m(default-testCompile)[m @ [36msyncope-core-workflow-java[0;1m ---[m
[[1;34mINFO[m] No sources to compile
[[1;34mINFO[m] 
[[1;34mINFO[m] [1m--- [0;32msurefire:3.5.5:test[m [1m(default-test)[m @ [36msyncope-core-workflow-java[0;1m ---[m
[[1;34mINFO[m] 
[[1;34mINFO[m] [1m--- [0;32mjacoco:0.8.14:report[m [1m(generate-code-coverage-report)[m @ [36msyncope-core-workflow-java[0;1m ---[m
[[1;34mINFO[m] Skipping JaCoCo execution due to missing execution data file.
[[1;34mINFO[m] 
[[1;34mINFO[m] [1m--- [0;32mjar:3.5.0:jar[m [1m(default-jar)[m @ [36msyncope-core-workflow-java[0;1m ---[m
[[1;34mINFO[m] Building jar: /home/leonardo/uni/isw2/SyncopeNoTest/core/workflow-java/target/syncope-core-workflow-java-5.0.0-SNAPSHOT.jar
[[1;34mINFO[m] 
[[1;34mINFO[m] [1m--- [0;32mmodernizer:3.3.0:modernizer[m [1m(modernizer-check)[m @ [36msyncope-core-workflow-java[0;1m ---[m
[[1;34mINFO[m] Skipping modernizer execution!
[[1;34mINFO[m] 
[[1;34mINFO[m] [1m--- [0;32mapache-rat:0.16.1:check[m [1m(rat-check)[m @ [36msyncope-core-workflow-java[0;1m ---[m
[[1;34mINFO[m] RAT will not execute since it is configured to be skipped via system property 'rat.skip'.
[[1;34mINFO[m] 
[[1;34mINFO[m] [1m--- [0;32mtools:1.4:verify-legal-files[m [1m(verify-legal-files)[m @ [36msyncope-core-workflow-java[0;1m ---[m
[[1;34mINFO[m] Checking legal files in: syncope-core-workflow-java-5.0.0-SNAPSHOT.jar
[[1;34mINFO[m] 
[[1;34mINFO[m] [1m-------< [0;36morg.apache.syncope.core:syncope-core-provisioning-java[0;1m >-------[m
[[1;34mINFO[m] [1mBuilding Apache Syncope Core Provisioning Java 5.0.0-SNAPSHOT    [22/22][m
[[1;34mINFO[m]   from core/provisioning-java/pom.xml
[[1;34mINFO[m] [1m--------------------------------[ jar ]---------------------------------[m
[[1;34mINFO[m] Cache is DISABLED on project level for org.apache.syncope.core:syncope-core-provisioning-java
[[1;34mINFO[m] 
[[1;34mINFO[m] [1m--- [0;32menforcer:3.6.2:enforce[m [1m(enforce-maven-version)[m @ [36msyncope-core-provisioning-java[0;1m ---[m
[[1;34mINFO[m] 
[[1;34mINFO[m] [1m--- [0;32menforcer:3.6.2:enforce[m [1m(enforce-java-version)[m @ [36msyncope-core-provisioning-java[0;1m ---[m
[[1;34mINFO[m] 
[[1;34mINFO[m] [1m--- [0;32menforcer:3.6.2:enforce[m [1m(default-cli)[m @ [36msyncope-core-provisioning-java[0;1m ---[m
[[1;34mINFO[m] 
[[1;34mINFO[m] [1m--- [0;32mjacoco:0.8.14:prepare-agent[m [1m(prepare-jacoco-agent)[m @ [36msyncope-core-provisioning-java[0;1m ---[m
[[1;34mINFO[m] argLine set to -javaagent:/home/leonardo/.m2/repository/org/jacoco/org.jacoco.agent/0.8.14/org.jacoco.agent-0.8.14-runtime.jar=destfile=/home/leonardo/uni/isw2/SyncopeNoTest/core/provisioning-java/target/jacoco.exec -Xms512m -Xmx1024m -Xss256k
[[1;34mINFO[m] 
[[1;34mINFO[m] [1m--- [0;32mgplus:4.3.1:execute[m [1m(default)[m @ [36msyncope-core-provisioning-java[0;1m ---[m
[[1;34mINFO[m] Using plugin classloader, includes GMavenPlus and project classpath.
[[1;34mINFO[m] Using Groovy 5.0.5 to perform execute.
[[1;34mINFO[m] 
[[1;34mINFO[m] [1m--- [0;32mremote-resources:3.3.0:process[m [1m(process-resource-bundles)[m @ [36msyncope-core-provisioning-java[0;1m ---[m
[[1;34mINFO[m] Skipping remote resources execution.
[[1;34mINFO[m] 
[[1;34mINFO[m] [1m--- [0;32mresources:3.5.0:resources[m [1m(default-resources)[m @ [36msyncope-core-provisioning-java[0;1m ---[m
[[1;34mINFO[m] Copying 1 resource from src/main/resources to target/classes
[[1;34mINFO[m] 
[[1;34mINFO[m] [1m--- [0;32mresources:3.5.0:copy-resources[m [1m(copy-artifact-legal-files)[m @ [36msyncope-core-provisioning-java[0;1m ---[m
[[1;34mINFO[m] Copying 2 resources from ../.. to target/classes/META-INF
[[1;34mINFO[m] 
[[1;34mINFO[m] [1m--- [0;32mresources:3.5.0:copy-resources[m [1m(copy-javadoc-legal-files)[m @ [36msyncope-core-provisioning-java[0;1m ---[m
[[1;34mINFO[m] Copying 2 resources from ../.. to target/reports/apidocs/META-INF
[[1;34mINFO[m] 
[[1;34mINFO[m] [1m--- [0;32mcompiler:3.15.0:compile[m [1m(default-compile)[m @ [36msyncope-core-provisioning-java[0;1m ---[m
[[1;34mINFO[m] Nothing to compile - all classes are up to date.
[[1;34mINFO[m] 
[[1;34mINFO[m] [1m--- [0;32mresources:3.5.0:testResources[m [1m(default-testResources)[m @ [36msyncope-core-provisioning-java[0;1m ---[m
[[1;34mINFO[m] Copying 2 resources from src/test/resources to target/test-classes
[[1;34mINFO[m] Copying 0 resource from ../persistence-jpa/src/test/resources to target/test-classes
[[1;34mINFO[m] 
[[1;34mINFO[m] [1m--- [0;32mdependency:3.10.0:copy[m [1m(set-bundles)[m @ [36msyncope-core-provisioning-java[0;1m ---[m
[[1;34mINFO[m] net.tirasa.connid.bundles.soap:net.tirasa.connid.bundles.soap:bundle:1.5.0:jar already exists in /home/leonardo/uni/isw2/SyncopeNoTest/core/provisioning-java/target/bundles
[[1;34mINFO[m] net.tirasa.connid.bundles:net.tirasa.connid.bundles.rest:bundle:1.1.1:jar already exists in /home/leonardo/uni/isw2/SyncopeNoTest/core/provisioning-java/target/bundles
[[1;34mINFO[m] net.tirasa.connid.bundles:net.tirasa.connid.bundles.csvdir:bundle:0.8.10:jar already exists in /home/leonardo/uni/isw2/SyncopeNoTest/core/provisioning-java/target/bundles
[[1;34mINFO[m] net.tirasa.connid.bundles.db:net.tirasa.connid.bundles.db:bundle:2.4.1:jar already exists in /home/leonardo/uni/isw2/SyncopeNoTest/core/provisioning-java/target/bundles
[[1;34mINFO[m] net.tirasa.connid.bundles:net.tirasa.connid.bundles.ldap:bundle:1.5.10:jar already exists in /home/leonardo/uni/isw2/SyncopeNoTest/core/provisioning-java/target/bundles
[[1;34mINFO[m] net.tirasa.connid.bundles:net.tirasa.connid.bundles.ad:bundle:1.4.0:jar already exists in /home/leonardo/uni/isw2/SyncopeNoTest/core/provisioning-java/target/bundles
[[1;34mINFO[m] net.tirasa.connid.bundles.googleapps:net.tirasa.connid.bundles.googleapps:bundle:1.4.6:jar already exists in /home/leonardo/uni/isw2/SyncopeNoTest/core/provisioning-java/target/bundles
[[1;34mINFO[m] net.tirasa.connid.bundles:net.tirasa.connid.bundles.azure:bundle:3.0.0:jar already exists in /home/leonardo/uni/isw2/SyncopeNoTest/core/provisioning-java/target/bundles
[[1;34mINFO[m] net.tirasa.connid.bundles:net.tirasa.connid.bundles.scim:bundle:1.0.5:jar already exists in /home/leonardo/uni/isw2/SyncopeNoTest/core/provisioning-java/target/bundles
[[1;34mINFO[m] net.tirasa.connid.bundles:net.tirasa.connid.bundles.servicenow:bundle:1.0.4:jar already exists in /home/leonardo/uni/isw2/SyncopeNoTest/core/provisioning-java/target/bundles
[[1;34mINFO[m] net.tirasa.connid.bundles.okta:net.tirasa.connid.bundles.okta:bundle:3.0.8:jar already exists in /home/leonardo/uni/isw2/SyncopeNoTest/core/provisioning-java/target/bundles
[[1;34mINFO[m] net.tirasa.connid.bundles:net.tirasa.connid.bundles.cmd:bundle:0.5:jar already exists in /home/leonardo/uni/isw2/SyncopeNoTest/core/provisioning-java/target/bundles
[[1;34mINFO[m] net.tirasa.connid.bundles:net.tirasa.connid.bundles.kafka:bundle:1.0.0:jar already exists in /home/leonardo/uni/isw2/SyncopeNoTest/core/provisioning-java/target/bundles
[[1;34mINFO[m] net.tirasa.connid.bundles:net.tirasa.connid.bundles.ldup:bundle:0.1.0:jar already exists in /home/leonardo/uni/isw2/SyncopeNoTest/core/provisioning-java/target/bundles
[[1;34mINFO[m] 
[[1;34mINFO[m] [1m--- [0;32mcompiler:3.15.0:testCompile[m [1m(default-testCompile)[m @ [36msyncope-core-provisioning-java[0;1m ---[m
[[1;34mINFO[m] Nothing to compile - all classes are up to date.
[[1;34mINFO[m] 
[[1;34mINFO[m] [1m--- [0;32msurefire:3.5.5:test[m [1m(default-test)[m @ [36msyncope-core-provisioning-java[0;1m ---[m
[[1;34mINFO[m] Using auto detected provider org.apache.maven.surefire.junitplatform.JUnitPlatformProvider
[[1;34mINFO[m] 
[[1;34mINFO[m] -------------------------------------------------------
[[1;34mINFO[m]  T E S T S
[[1;34mINFO[m] -------------------------------------------------------
[[1;34mINFO[m] Running org.apache.syncope.core.provisioning.java.job.[1mDefaultJobManagerLLMGuidedTreeTest[m
OpenJDK 64-Bit Server VM warning: Sharing is only supported for boot loader classes because bootstrap classpath has been appended
[[1;34mINFO[m] [1;32mTests run: [0;1;32m12[m, Failures: 0, Errors: 0, Skipped: 0, Time elapsed: 1.857 s -- in org.apache.syncope.core.provisioning.java.job.[1mDefaultJobManagerLLMGuidedTreeTest[m
[[1;34mINFO[m] Running org.apache.syncope.core.provisioning.java.job.[1mDefaultJobManagerTest[m
[[1;33mWARNING[m] [1;33mTests [0;1mrun: [0;1m16[m, Failures: 0, Errors: 0, [1;33mSkipped: [0;1;33m4[m, Time elapsed: 0.066 s -- in org.apache.syncope.core.provisioning.java.job.[1mDefaultJobManagerTest[m
[[1;34mINFO[m] Running org.apache.syncope.core.provisioning.java.job.randoop.[1mDefaultJobManagerRandoopTest[m
[[1;34mINFO[m] Running org.apache.syncope.core.provisioning.java.job.randoop.[1mDefaultJobManagerRandoopTest0[m
[[1;34mINFO[m] [1;32mTests run: [0;1;32m8[m, Failures: 0, Errors: 0, Skipped: 0, Time elapsed: 0.009 s -- in org.apache.syncope.core.provisioning.java.job.randoop.[1mDefaultJobManagerRandoopTest0[m
[[1;34mINFO[m] [1mTests run: [0;1m0[m, Failures: 0, Errors: 0, Skipped: 0, Time elapsed: 0.012 s -- in org.apache.syncope.core.provisioning.java.job.randoop.[1mDefaultJobManagerRandoopTest[m
[[1;34mINFO[m] 
[[1;34mINFO[m] Results:
[[1;34mINFO[m] 
[[1;34mINFO[m] Tests run: 36, Failures: 0, Errors: 0, Skipped: 4
[[1;34mINFO[m] 
[[1;34mINFO[m] 
[[1;34mINFO[m] [1m--- [0;32mjacoco:0.8.14:report[m [1m(generate-code-coverage-report)[m @ [36msyncope-core-provisioning-java[0;1m ---[m
[[1;34mINFO[m] Loading execution data file /home/leonardo/uni/isw2/SyncopeNoTest/core/provisioning-java/target/jacoco.exec
[[1;34mINFO[m] Analyzed bundle 'Apache Syncope Core Provisioning Java' with 141 classes
[[1;34mINFO[m] 
[[1;34mINFO[m] [1m--- [0;32mjar:3.5.0:jar[m [1m(default-jar)[m @ [36msyncope-core-provisioning-java[0;1m ---[m
[[1;34mINFO[m] Building jar: /home/leonardo/uni/isw2/SyncopeNoTest/core/provisioning-java/target/syncope-core-provisioning-java-5.0.0-SNAPSHOT.jar
[[1;34mINFO[m] 
[[1;34mINFO[m] [1m--- [0;32mfailsafe:3.5.5:integration-test[m [1m(default)[m @ [36msyncope-core-provisioning-java[0;1m ---[m
[[1;34mINFO[m] Using auto detected provider org.apache.maven.surefire.junitplatform.JUnitPlatformProvider
[[1;34mINFO[m] 
[[1;34mINFO[m] -------------------------------------------------------
[[1;34mINFO[m]  T E S T S
[[1;34mINFO[m] -------------------------------------------------------
[[1;34mINFO[m] Running org.apache.syncope.core.provisioning.java.job.[1mDefaultJobManagerLoadIT[m
OpenJDK 64-Bit Server VM warning: Sharing is only supported for boot loader classes because bootstrap classpath has been appended
[[1;33mWARNING[m] [1;33mTests [0;1mrun: [0;1m9[m, Failures: 0, Errors: 0, [1;33mSkipped: [0;1;33m2[m, Time elapsed: 1.214 s -- in org.apache.syncope.core.provisioning.java.job.[1mDefaultJobManagerLoadIT[m
[[1;34mINFO[m] 
[[1;34mINFO[m] Results:
[[1;34mINFO[m] 
[[1;34mINFO[m] Tests run: 9, Failures: 0, Errors: 0, Skipped: 2
[[1;34mINFO[m] 
[[1;34mINFO[m] 
[[1;34mINFO[m] [1m--- [0;32mmodernizer:3.3.0:modernizer[m [1m(modernizer-check)[m @ [36msyncope-core-provisioning-java[0;1m ---[m
[[1;34mINFO[m] Skipping modernizer execution!
[[1;34mINFO[m] 
[[1;34mINFO[m] [1m--- [0;32mfailsafe:3.5.5:verify[m [1m(default)[m @ [36msyncope-core-provisioning-java[0;1m ---[m
[[1;34mINFO[m] 
[[1;34mINFO[m] [1m--- [0;32mapache-rat:0.16.1:check[m [1m(rat-check)[m @ [36msyncope-core-provisioning-java[0;1m ---[m
[[1;34mINFO[m] RAT will not execute since it is configured to be skipped via system property 'rat.skip'.
[[1;34mINFO[m] 
[[1;34mINFO[m] [1m--- [0;32mtools:1.4:verify-legal-files[m [1m(verify-legal-files)[m @ [36msyncope-core-provisioning-java[0;1m ---[m
[[1;34mINFO[m] Checking legal files in: syncope-core-provisioning-java-5.0.0-SNAPSHOT.jar
[[1;34mINFO[m] [1m------------------------------------------------------------------------[m
[[1;34mINFO[m] [1mReactor Summary for Apache Syncope 5.0.0-SNAPSHOT:[m
[[1;34mINFO[m] 
[[1;34mINFO[m] Apache Syncope ..................................... [1;32mSUCCESS[m [  1.667 s]
[[1;34mINFO[m] Apache Syncope Common .............................. [1;32mSUCCESS[m [  0.041 s]
[[1;34mINFO[m] Apache Syncope Common IdRepo ....................... [1;32mSUCCESS[m [  0.044 s]
[[1;34mINFO[m] Apache Syncope Common IdRepo Lib ................... [1;32mSUCCESS[m [  0.567 s]
[[1;34mINFO[m] Apache Syncope Common Keymaster .................... [1;32mSUCCESS[m [  0.034 s]
[[1;34mINFO[m] Apache Syncope Common Keymaster Client API ......... [1;32mSUCCESS[m [  0.093 s]
[[1;34mINFO[m] Apache Syncope Common IdRepo REST API .............. [1;32mSUCCESS[m [  2.680 s]
[[1;34mINFO[m] Apache Syncope Common IdM .......................... [1;32mSUCCESS[m [  0.038 s]
[[1;34mINFO[m] Apache Syncope Common IdM Lib ...................... [1;32mSUCCESS[m [  0.061 s]
[[1;34mINFO[m] Apache Syncope Common IdM REST API ................. [1;32mSUCCESS[m [  1.327 s]
[[1;34mINFO[m] Apache Syncope Common AM ........................... [1;32mSUCCESS[m [  0.030 s]
[[1;34mINFO[m] Apache Syncope Common AM Lib ....................... [1;32mSUCCESS[m [  0.053 s]
[[1;34mINFO[m] Apache Syncope Common AM REST API .................. [1;32mSUCCESS[m [  1.309 s]
[[1;34mINFO[m] Apache Syncope Core ................................ [1;32mSUCCESS[m [  0.032 s]
[[1;34mINFO[m] Apache Syncope Core Persistence API ................ [1;32mSUCCESS[m [  0.090 s]
[[1;34mINFO[m] Apache Syncope Core Provisioning API ............... [1;32mSUCCESS[m [  0.066 s]
[[1;34mINFO[m] Apache Syncope Core Workflow API ................... [1;32mSUCCESS[m [  0.040 s]
[[1;34mINFO[m] Apache Syncope Core Spring ......................... [1;32mSUCCESS[m [  3.436 s]
[[1;34mINFO[m] Apache Syncope Core Persistence Common ............. [1;32mSUCCESS[m [  0.074 s]
[[1;34mINFO[m] Apache Syncope Core Persistence JPA ................ [1;32mSUCCESS[m [  0.534 s]
[[1;34mINFO[m] Apache Syncope Core Workflow Java .................. [1;32mSUCCESS[m [  0.069 s]
[[1;34mINFO[m] Apache Syncope Core Provisioning Java .............. [1;32mSUCCESS[m [  5.434 s]
[[1;34mINFO[m] [1m------------------------------------------------------------------------[m
[[1;34mINFO[m] [1;32mBUILD SUCCESS[m
[[1;34mINFO[m] [1m------------------------------------------------------------------------[m
[[1;34mINFO[m] Total time:  18.632 s
[[1;34mINFO[m] Finished at: 2026-05-28T14:24:52+02:00
[[1;34mINFO[m] [1m------------------------------------------------------------------------[m
